Panel_ID,Site,Age,Site_Age,Algae_brown,Algae_coralline,Algae_green,Algae_turf,Algae_red,Bryozoa_encrust,Bryozoa_arborescent,Bryozoa_ctenosome,Amphipod_tubes,Anemones,Hydroids,Barnacles,Ascidian_solitary,Ascidian_colonial,Mussels,Oysters,Crepidula,Bivalves_other,Polychaetes_sabellids,Polychaetes_serpulids,Polychaetes_other,Sponges,Forams,Open_space,Sediment
2021_CAN-BCQ_30d_01,CAN-BCQ,30d,CAN-BCQ_30d,0,0,0,0,0,0,0,0,0,0,0,0,0,0,0,0,0,0,0,0,0,0,0,100,0
2021_CAN-BCQ_30d_02,CAN-BCQ,30d,CAN-BCQ_30d,0,0,0,0,0,0,0,0,0,0,0,0,0,0,0,0,0,0,0,0,0,0,0,100,0
2021_CAN-BCQ_30d_03,CAN-BCQ,30d,CAN-BCQ_30d,0,0,0,0,0,10,0,0,0,0,1,1,0,2,0,0,0,0,0,0,0,0,0,86,0
2021_CAN-BCQ_30d_04,CAN-BCQ,30d,CAN-BCQ_30d,0,0,0,0,0,1,0,0,0,0,4,9,0,0,0,0,0,0,0,0,0,0,0,86,0
2021_CAN-BCQ_30d_05,CAN-BCQ,30d,CAN-BCQ_30d,0,0,0,0,0,0,0,0,0,0,0,0,0,0,0,0,0,0,0,0,0,0,0,100,0
2021_CAN-BCQ_30d_06,CAN-BCQ,30d,CAN-BCQ_30d,0,0,0,0,0,0,0,0,0,0,0,4,0,1,0,0,0,0,0,0,0,0,0,95,0
2021_CAN-BCQ_60d_07,CAN-BCQ,60d,CAN-BCQ_60d,0,0,0,0,0,0,0,0,0,1,5,0,0,0,0,0,0,0,0,1,0,0,0,93,0
2021_CAN-BCQ_60d_08,CAN-BCQ,60d,CAN-BCQ_60d,0,0,0,0,0,2,0,0,0,0,4,1,0,19,0,0,0,0,0,0,0,0,0,74,0
2021_CAN-BCQ_60d_09,CAN-BCQ,60d,CAN-BCQ_60d,0,0,0,0,0,3,0,0,0,0,6,0,0,26,0,0,0,0,0,0,0,0,0,65,0
2021_CAN-BCQ_60d_10,CAN-BCQ,60d,CAN-BCQ_60d,0,0,0,0,0,14,0,0,0,0,9,11,0,23,0,0,0,0,0,1,0,0,0,42,0
2021_CAN-BCQ_60d_11,CAN-BCQ,60d,CAN-BCQ_60d,0,0,0,0,0,9,0,0,0,0,4,21,0,26,0,0,0,0,0,0,0,0,1,39,0
2021_CAN-BCQ_60d_12,CAN-BCQ,60d,CAN-BCQ_60d,0,0,0,0,0,2,0,0,0,0,0,0,0,6,0,0,0,0,0,0,0,0,0,92,0
2021_CAN-BCQ_90d_13,CAN-BCQ,90d,CAN-BCQ_90d,0,0,0,0,0,9,0,0,0,0,5,0,0,76,0,0,0,0,0,0,0,0,0,10,0
2021_CAN-BCQ_90d_14,CAN-BCQ,90d,CAN-BCQ_90d,0,0,0,0,0,0,0,0,0,0,0,0,0,99,0,0,0,0,0,0,0,0,0,1,0
2021_CAN-BCQ_90d_15,CAN-BCQ,90d,CAN-BCQ_90d,0,0,1,0,0,4,0,0,0,0,1,0,0,90,0,0,0,0,0,1,0,0,0,3,0
2021_CAN-BCQ_90d_16,CAN-BCQ,90d,CAN-BCQ_90d,0,0,0,0,0,18,0,0,0,0,1,4,0,77,0,0,0,0,0,0,0,0,0,0,0
2021_CAN-BCQ_90d_17,CAN-BCQ,90d,CAN-BCQ_90d,0,0,0,0,0,15,1,0,0,1,1,0,0,63,0,0,0,0,0,0,0,0,0,19,0
2021_CAN-BCQ_90d_18,CAN-BCQ,90d,CAN-BCQ_90d,0,0,0,0,0,41,0,0,0,0,3,0,2,44,0,0,0,0,0,1,0,0,0,9,0
2021_PAN-BDT_30d_01,PAN-BDT,30d,PAN-BDT_30d,0,0,0,0,0,0,0,0,0,0,4,2,9,15,0,1,0,2,0,11,0,3,0,53,0
2021_PAN-BDT_30d_02,PAN-BDT,30d,PAN-BDT_30d,0,0,0,0,0,3,0,0,0,0,4,0,11,8,0,1,0,0,0,3,0,1,0,69,0
2021_PAN-BDT_30d_03,PAN-BDT,30d,PAN-BDT_30d,0,0,0,3,0,1,0,0,0,0,2,0,3,7,0,0,0,0,0,4,0,3,0,77,0
2021_PAN-BDT_30d_04,PAN-BDT,30d,PAN-BDT_30d,0,1,0,6,0,1,0,0,0,0,9,0,16,5,0,1,0,0,0,5,0,2,0,54,0
2021_PAN-BDT_30d_05,PAN-BDT,30d,PAN-BDT_30d,0,0,0,0,0,0,0,0,0,0,0,0,8,34,0,0,0,0,0,5,0,1,0,52,0
2021_PAN-BDT_30d_06,PAN-BDT,30d,PAN-BDT_30d,0,1,0,3,0,0,0,0,0,0,2,1,8,14,0,1,0,0,0,1,0,0,0,69,0
2021_PAN-BDT_60d_07,PAN-BDT,60d,PAN-BDT_60d,0,0,0,0,0,0,0,0,0,0,0,0,0,0,0,0,0,0,0,0,0,0,0,100,0
2021_PAN-BDT_60d_08,PAN-BDT,60d,PAN-BDT_60d,0,0,0,0,0,14,0,0,0,0,2,5,12,49,0,8,0,0,0,2,0,2,0,6,0
2021_PAN-BDT_60d_09,PAN-BDT,60d,PAN-BDT_60d,0,0,0,0,0,9,0,0,0,1,2,0,4,15,0,11,0,12,1,5,0,8,0,31,1
2021_PAN-BDT_60d_10,PAN-BDT,60d,PAN-BDT_60d,0,0,0,0,0,1,0,0,0,0,9,0,9,19,0,0,0,3,4,12,0,10,0,32,1
2021_PAN-BDT_60d_11,PAN-BDT,60d,PAN-BDT_60d,0,0,0,0,0,0,1,0,1,0,3,1,7,27,0,12,0,7,0,6,0,11,0,24,0
2021_PAN-BDT_60d_12,PAN-BDT,60d,PAN-BDT_60d,0,0,0,0,0,1,0,0,0,0,2,4,15,48,0,13,0,0,0,5,0,5,0,7,0
2021_PAN-BDT_90d_13,PAN-BDT,90d,PAN-BDT_90d,0,0,0,0,0,3,0,0,0,0,0,0,42,33,0,12,0,0,0,5,0,2,0,3,0
2021_PAN-BDT_90d_14,PAN-BDT,90d,PAN-BDT_90d,0,0,0,0,0,24,0,0,0,0,11,5,34,7,0,15,0,0,0,0,0,3,0,1,0
2021_PAN-BDT_90d_15,PAN-BDT,90d,PAN-BDT_90d,0,0,0,0,0,9,0,0,0,0,5,3,24,49,0,4,0,0,0,0,0,6,0,0,0
2021_PAN-BDT_90d_16,PAN-BDT,90d,PAN-BDT_90d,0,0,0,0,0,32,0,0,0,0,3,0,10,11,0,0,0,4,0,6,0,1,0,33,0
2021_POR-MAD_30d_01,POR-MAD,30d,POR-MAD_30d,0,0,0,0,0,1,19,0,1,0,0,0,0,1,0,0,0,0,0,3,0,0,0,75,0
2021_POR-MAD_30d_02,POR-MAD,30d,POR-MAD_30d,0,0,0,0,0,0,12,0,0,0,0,0,0,1,0,0,0,0,0,8,0,1,0,78,0
2021_POR-MAD_30d_03,POR-MAD,30d,POR-MAD_30d,0,0,0,0,0,0,12,0,0,0,0,0,0,8,0,0,0,0,0,8,0,0,0,72,0
2021_POR-MAD_30d_04,POR-MAD,30d,POR-MAD_30d,0,0,0,0,0,0,31,0,0,0,0,0,0,3,0,0,0,0,0,8,0,1,0,57,0
2021_POR-MAD_30d_05,POR-MAD,30d,POR-MAD_30d,0,0,0,0,0,1,3,0,0,0,0,1,0,39,0,0,0,0,0,5,0,0,0,51,0
2021_POR-MAD_30d_06,POR-MAD,30d,POR-MAD_30d,0,0,0,0,0,1,0,0,2,0,0,0,0,19,0,0,0,0,0,5,0,0,0,73,0
2021_POR-MAD_60d_07,POR-MAD,60d,POR-MAD_60d,0,0,0,0,0,2,0,0,0,0,0,0,0,4,0,0,0,0,0,15,0,0,0,79,0
2021_POR-MAD_60d_08,POR-MAD,60d,POR-MAD_60d,0,0,0,0,0,3,14,0,1,0,0,0,0,47,0,0,0,0,0,14,0,0,0,21,0
2021_POR-MAD_60d_09,POR-MAD,60d,POR-MAD_60d,0,0,0,0,0,1,18,0,0,0,0,0,0,9,0,0,0,0,0,11,0,2,0,59,0
2021_POR-MAD_60d_10,POR-MAD,60d,POR-MAD_60d,0,0,0,0,1,3,3,0,2,0,0,0,0,21,0,0,0,0,0,13,0,3,0,54,0
2021_POR-MAD_60d_11,POR-MAD,60d,POR-MAD_60d,0,0,0,0,0,1,1,0,4,0,0,0,0,29,0,0,0,0,0,7,0,0,0,58,0
2021_POR-MAD_60d_12,POR-MAD,60d,POR-MAD_60d,1,0,0,0,0,1,2,0,4,0,0,0,0,16,0,0,0,0,0,11,0,0,0,65,0
2021_POR-MAD_90d_13,POR-MAD,90d,POR-MAD_90d,0,0,0,0,0,2,16,0,3,0,0,0,0,12,0,0,0,0,1,18,0,15,0,33,0
2021_POR-MAD_90d_14,POR-MAD,90d,POR-MAD_90d,0,0,0,0,0,5,6,0,0,0,0,0,0,9,0,0,0,0,0,11,0,0,0,69,0
2021_POR-MAD_90d_15,POR-MAD,90d,POR-MAD_90d,0,0,0,0,0,1,3,0,0,0,0,1,0,66,0,0,0,0,1,8,0,1,0,19,0
2021_POR-MAD_90d_16,POR-MAD,90d,POR-MAD_90d,0,0,0,0,0,20,7,0,0,0,0,0,0,37,0,0,0,0,0,8,0,1,0,27,0
2021_POR-MAD_90d_17,POR-MAD,90d,POR-MAD_90d,0,0,0,0,0,5,7,0,1,0,0,0,0,43,0,0,0,0,0,21,0,1,0,22,0
2021_POR-MAD_90d_18,POR-MAD,90d,POR-MAD_90d,0,0,0,0,1,2,5,0,0,0,0,0,0,66,0,0,0,0,0,9,0,0,0,17,0
2021_USA-SBH_30d_01,USA-SBH,30d,USA-SBH_30d,0,0,0,0,0,7,1,0,0,0,0,0,0,0,0,0,0,0,0,6,0,0,0,86,0
2021_USA-SBH_30d_02,USA-SBH,30d,USA-SBH_30d,0,0,0,0,0,6,0,0,0,0,0,0,0,0,0,0,0,0,0,8,0,0,0,86,0
2021_USA-SBH_30d_03,USA-SBH,30d,USA-SBH_30d,0,0,0,0,0,4,2,0,0,0,3,0,0,0,0,0,0,0,0,2,0,0,0,89,0
2021_USA-SBH_30d_04,USA-SBH,30d,USA-SBH_30d,0,0,0,0,0,2,0,0,1,0,0,0,1,0,0,0,0,0,0,4,0,0,0,92,0
2021_USA-SBH_30d_05,USA-SBH,30d,USA-SBH_30d,0,0,0,0,0,1,4,0,0,0,0,0,0,0,0,0,0,0,0,6,0,0,0,89,0
2021_USA-SBH_30d_06,USA-SBH,30d,USA-SBH_30d,0,0,0,0,0,3,0,0,0,0,4,0,0,0,0,0,0,0,0,2,0,0,0,91,0
2021_USA-SBH_60d_07,USA-SBH,60d,USA-SBH_60d,0,0,0,0,0,42,42,0,0,0,0,0,0,0,0,0,0,0,0,6,0,0,0,10,0
2021_USA-SBH_60d_08,USA-SBH,60d,USA-SBH_60d,0,0,0,0,0,24,43,0,0,0,0,0,0,0,0,0,0,0,0,6,0,1,0,26,0
2021_USA-SBH_60d_09,USA-SBH,60d,USA-SBH_60d,0,0,0,0,0,37,14,0,0,0,0,0,0,0,0,0,0,0,0,13,0,2,0,34,0
2021_USA-SBH_60d_10,USA-SBH,60d,USA-SBH_60d,0,0,0,0,0,33,4,0,0,0,5,0,0,0,0,0,0,0,0,15,0,3,0,40,0
2021_USA-SBH_60d_11,USA-SBH,60d,USA-SBH_60d,0,0,0,0,0,33,15,0,0,0,0,0,0,0,0,0,0,0,0,23,0,0,0,29,0
2021_USA-SBH_60d_12,USA-SBH,60d,USA-SBH_60d,0,0,0,0,1,26,21,0,0,0,0,0,0,0,0,0,0,0,0,4,0,0,0,48,0
2021_USA-SBH_90d_13,USA-SBH,90d,USA-SBH_90d,0,0,0,0,0,16,53,0,0,0,0,0,9,0,0,0,0,0,0,1,0,2,0,19,0
2021_USA-SBH_90d_14,USA-SBH,90d,USA-SBH_90d,0,0,0,0,0,40,59,0,0,0,0,0,1,0,0,0,0,0,0,0,0,0,0,0,0
2021_USA-SBH_90d_15,USA-SBH,90d,USA-SBH_90d,0,0,0,0,0,50,24,0,0,0,0,0,0,0,0,0,0,0,0,7,0,12,0,7,0
2021_USA-SBH_90d_16,USA-SBH,90d,USA-SBH_90d,0,0,0,0,0,40,32,0,0,0,8,0,4,0,0,0,0,0,0,10,0,0,0,6,0
2021_USA-SBH_90d_17,USA-SBH,90d,USA-SBH_90d,0,0,0,0,0,21,55,0,0,0,1,0,5,0,0,0,0,0,0,1,0,1,0,16,0
2021_USA-SBH_90d_18,USA-SBH,90d,USA-SBH_90d,0,0,0,0,0,13,78,0,0,0,0,0,2,0,0,0,0,0,0,2,0,4,0,1,0
2021_ALD-PIER_30d_01,USA-ALD-PIER,30d,USA-ALD-PIER_30d,0,0,0,0,0,0,0,54,0,0,0,20,0,0,0,0,0,0,0,0,0,0,0,26,0
2021_ALD-PIER_30d_02,USA-ALD-PIER,30d,USA-ALD-PIER_30d,0,0,0,0,0,0,0,55,0,0,0,13,0,0,0,0,0,0,0,0,0,0,0,32,0
2021_ALD-PIER_30d_03,USA-ALD-PIER,30d,USA-ALD-PIER_30d,0,0,0,0,0,0,0,67,0,0,0,17,0,0,0,0,0,0,0,0,0,0,0,16,0
2021_ALD-PIER_30d_04,USA-ALD-PIER,30d,USA-ALD-PIER_30d,0,0,0,0,0,0,0,67,0,0,0,8,0,0,0,0,0,0,0,0,0,0,0,25,0
2021_ALD-PIER_30d_05,USA-ALD-PIER,30d,USA-ALD-PIER_30d,0,0,0,0,0,0,0,69,0,0,0,29,0,0,0,0,0,0,0,0,0,0,0,2,0
2021_ALD-PIER_30d_06,USA-ALD-PIER,30d,USA-ALD-PIER_30d,0,0,0,0,0,0,0,75,0,0,0,2,0,0,0,0,0,0,0,0,0,0,0,23,0
2021_ALD-PIER_60d_07,USA-ALD-PIER,60d,USA-ALD-PIER_60d,0,0,0,0,0,0,0,67,0,0,0,14,0,0,0,0,0,0,0,0,0,0,0,19,0
2021_ALD-PIER_60d_08,USA-ALD-PIER,60d,USA-ALD-PIER_60d,0,0,0,0,0,0,0,98,0,0,0,2,0,0,0,0,0,0,0,0,0,0,0,0,0
2021_ALD-PIER_60d_09,USA-ALD-PIER,60d,USA-ALD-PIER_60d,0,0,0,0,0,0,0,93,0,0,0,6,0,0,0,0,0,0,0,0,0,0,0,1,0
2021_ALD-PIER_60d_10,USA-ALD-PIER,60d,USA-ALD-PIER_60d,0,0,0,0,0,0,0,75,0,0,4,9,0,0,0,0,0,0,0,0,0,0,0,12,0
2021_ALD-PIER_60d_11,USA-ALD-PIER,60d,USA-ALD-PIER_60d,0,0,0,0,0,0,0,90,0,0,3,1,0,0,0,0,0,0,0,0,0,0,0,6,0
2021_ALD-PIER_60d_12,USA-ALD-PIER,60d,USA-ALD-PIER_60d,0,0,0,0,0,0,0,77,0,0,0,13,0,0,0,0,0,0,0,0,2,0,0,8,0
2021_ALD-PIER_90d_13,USA-ALD-PIER,90d,USA-ALD-PIER_90d,0,0,0,0,0,0,0,64,0,0,0,6,0,0,0,0,0,0,0,0,0,0,0,30,0
2021_ALD-PIER_90d_14,USA-ALD-PIER,90d,USA-ALD-PIER_90d,0,0,0,0,0,0,0,61,0,0,0,2,0,0,0,0,0,0,0,0,1,0,0,36,0
2021_ALD-PIER_90d_15,USA-ALD-PIER,90d,USA-ALD-PIER_90d,0,0,0,0,0,0,0,70,0,0,3,4,0,0,0,0,0,0,0,0,0,0,0,23,0
2021_ALD-PIER_90d_16,USA-ALD-PIER,90d,USA-ALD-PIER_90d,0,0,0,0,0,0,0,81,0,0,2,2,0,0,0,0,0,0,0,0,0,0,0,15,0
2021_ALD-PIER_90d_17,USA-ALD-PIER,90d,USA-ALD-PIER_90d,0,0,0,0,0,0,0,53,0,0,0,7,0,0,0,0,0,0,0,0,1,0,0,39,0
2021_ALD-PIER_90d_18,USA-ALD-PIER,90d,USA-ALD-PIER_90d,0,0,0,0,0,0,0,75,0,0,0,3,0,0,0,0,0,0,0,0,1,0,0,21,0
2021_USA-CBB_30d_01,USA-CBB,30d,USA-CBB_30d,0,0,0,0,0,1,3,0,0,0,0,0,0,0,0,0,0,0,0,0,0,0,0,96,0
2021_USA-CBB_30d_02,USA-CBB,30d,USA-CBB_30d,0,0,0,0,0,1,3,0,0,0,1,0,0,1,0,0,0,0,0,0,0,0,0,94,0
2021_USA-CBB_30d_03,USA-CBB,30d,USA-CBB_30d,0,0,0,0,0,2,2,0,0,0,0,0,0,4,0,0,0,0,0,0,0,0,0,92,0
2021_USA-CBB_30d_04,USA-CBB,30d,USA-CBB_30d,0,0,0,0,0,0,1,0,0,0,0,0,0,12,0,0,0,0,0,0,0,0,0,87,0
2021_USA-CBB_30d_05,USA-CBB,30d,USA-CBB_30d,0,0,0,0,0,1,1,0,0,0,1,0,0,5,0,0,0,0,0,0,0,0,0,92,0
2021_USA-CBB_30d_06,USA-CBB,30d,USA-CBB_30d,0,0,0,0,0,7,1,0,0,0,1,0,0,6,0,0,0,0,0,0,0,0,0,85,0
2021_USA-CBB_60d_07,USA-CBB,60d,USA-CBB_60d,0,0,0,0,0,2,36,0,0,0,13,0,0,40,0,0,0,0,0,0,0,0,0,9,0
2021_USA-CBB_60d_08,USA-CBB,60d,USA-CBB_60d,0,0,0,0,0,2,58,0,0,0,1,0,0,21,0,0,0,0,0,0,0,0,0,18,0
2021_USA-CBB_60d_09,USA-CBB,60d,USA-CBB_60d,0,0,0,0,0,0,57,0,0,0,6,0,0,36,0,0,0,0,0,0,0,0,0,1,0
2021_USA-CBB_60d_10,USA-CBB,60d,USA-CBB_60d,0,0,0,0,0,0,40,0,0,0,11,0,7,23,0,0,0,0,0,0,0,0,0,19,0
2021_USA-CBB_60d_11,USA-CBB,60d,USA-CBB_60d,0,0,0,0,1,0,33,0,0,0,6,0,5,38,0,0,0,0,0,0,0,4,0,12,1
2021_USA-CBB_60d_12,USA-CBB,60d,USA-CBB_60d,0,0,0,0,0,3,63,0,0,0,0,0,0,16,0,0,0,0,0,0,0,0,0,17,1
2021_USA-CBB_90d_13,USA-CBB,90d,USA-CBB_90d,0,0,0,0,0,0,66,0,0,0,0,0,5,29,0,0,0,0,0,0,0,0,0,0,0
2021_USA-CBB_90d_14,USA-CBB,90d,USA-CBB_90d,0,0,0,0,0,2,77,0,0,0,2,0,0,18,0,0,0,0,0,0,0,0,0,1,0
2021_USA-CBB_90d_15,USA-CBB,90d,USA-CBB_90d,0,0,0,0,0,0,62,0,0,0,0,0,2,36,0,0,0,0,0,0,0,0,0,0,0
2021_USA-CBB_90d_16,USA-CBB,90d,USA-CBB_90d,0,0,0,0,0,0,86,0,0,0,0,0,0,14,0,0,0,0,0,0,0,0,0,0,0
2021_USA-CBB_90d_17,USA-CBB,90d,USA-CBB_90d,0,0,0,0,0,2,66,0,2,0,0,0,0,27,0,0,0,0,0,0,0,2,0,1,0
2021_USA-CBB_90d_18,USA-CBB,90d,USA-CBB_90d,0,0,0,0,0,0,85,0,1,0,0,0,1,13,0,0,0,0,0,0,0,0,0,0,0
2021_USA-HIK_30d_01,USA-HIK,30d,USA-HIK_30d,0,0,0,0,0,10,0,0,0,0,1,1,0,3,0,25,0,0,2,0,0,1,0,57,0
2021_USA-HIK_30d_02,USA-HIK,30d,USA-HIK_30d,0,0,0,0,0,6,0,0,0,0,0,0,0,0,0,26,0,0,3,0,0,16,0,49,0
2021_USA-HIK_30d_04,USA-HIK,30d,USA-HIK_30d,0,0,0,0,0,1,0,0,0,0,2,0,0,1,0,36,0,0,1,1,0,3,0,55,0
2021_USA-HIK_30d_05,USA-HIK,30d,USA-HIK_30d,0,0,0,0,0,0,0,0,0,0,2,0,2,0,0,30,0,0,3,0,0,11,0,52,0
2021_USA-HIK_30d_06,USA-HIK,30d,USA-HIK_30d,0,0,0,0,0,0,6,0,0,0,1,0,0,0,0,40,0,0,1,0,0,3,0,47,2
2021_USA-HIK_60d_07,USA-HIK,60d,USA-HIK_60d,0,0,0,5,0,5,0,0,0,0,0,0,7,0,0,2,0,0,6,1,0,74,0,0,0
2021_USA-HIK_60d_08,USA-HIK,60d,USA-HIK_60d,0,0,0,0,0,5,0,0,0,0,0,0,1,0,0,59,0,0,11,0,0,21,0,3,0
2021_USA-HIK_60d_09,USA-HIK,60d,USA-HIK_60d,0,0,0,4,0,1,0,0,0,0,0,0,0,31,0,40,0,0,1,0,0,18,0,5,0
2021_USA-HIK_60d_10,USA-HIK,60d,USA-HIK_60d,0,0,0,0,0,12,0,0,0,0,0,0,0,0,0,73,0,0,2,1,0,11,0,1,0
2021_USA-HIK_60d_11,USA-HIK,60d,USA-HIK_60d,0,0,0,1,0,10,0,0,0,0,0,0,0,0,0,67,0,0,1,0,0,7,0,14,0
2021_USA-HIK_60d_12,USA-HIK,60d,USA-HIK_60d,0,0,0,3,0,27,0,0,0,0,0,0,0,6,0,5,0,0,0,0,0,48,0,5,6
2021_USA-HIK_90d_13,USA-HIK,90d,USA-HIK_90d,0,0,0,0,0,60,0,0,0,0,0,0,0,2,0,3,0,0,1,0,0,26,0,2,6
2021_USA-HIK_90d_14,USA-HIK,90d,USA-HIK_90d,0,0,0,0,1,22,0,0,0,0,0,0,0,0,0,37,0,0,2,0,0,27,0,3,8
2021_USA-HIK_90d_15,USA-HIK,90d,USA-HIK_90d,0,0,0,0,0,16,0,0,0,0,0,0,0,15,0,37,0,0,0,1,0,23,0,3,5
2021_USA-HIK_90d_16,USA-HIK,90d,USA-HIK_90d,0,0,0,0,0,0,0,0,0,0,0,0,0,0,0,78,0,0,0,0,0,15,0,6,1
2021_USA-HIK_90d_17,USA-HIK,90d,USA-HIK_90d,0,0,0,0,0,1,0,0,0,0,0,0,3,3,0,58,0,0,1,1,0,30,0,0,3
2021_USA-HIK_90d_18,USA-HIK,90d,USA-HIK_90d,0,0,0,0,3,11,0,0,0,0,0,0,0,4,0,53,0,0,0,0,0,8,0,13,8
2021_USA-IRL_30d_01,USA-IRL,30d,USA-IRL_30d,0,0,0,0,0,10,4,0,2,0,0,3,1,76,0,0,0,0,2,1,1,0,0,0,0
2021_USA-IRL_30d_02,USA-IRL,30d,USA-IRL_30d,0,0,0,0,0,4,16,0,0,0,2,5,1,66,0,0,0,0,6,0,0,0,0,0,0
2021_USA-IRL_30d_03,USA-IRL,30d,USA-IRL_30d,0,0,0,0,0,1,7,0,2,0,0,11,1,60,0,0,0,0,4,0,2,1,0,11,0
2021_USA-IRL_30d_04,USA-IRL,30d,USA-IRL_30d,0,0,0,0,0,1,10,0,6,0,1,26,3,26,0,1,0,0,8,0,0,1,0,16,1
2021_USA-IRL_30d_05,USA-IRL,30d,USA-IRL_30d,0,0,0,0,0,3,16,0,0,0,0,6,2,67,0,0,0,0,2,0,1,0,0,3,0
2021_USA-IRL_30d_06,USA-IRL,30d,USA-IRL_30d,0,0,0,0,0,9,15,0,0,0,0,9,1,56,0,0,0,0,8,0,0,0,0,2,0
2021_USA-IRL_60d_07,USA-IRL,60d,USA-IRL_60d,0,0,0,0,0,1,19,0,0,0,2,19,5,45,0,0,0,0,8,0,0,0,0,1,0
2021_USA-IRL_60d_08,USA-IRL,60d,USA-IRL_60d,0,0,0,0,0,0,23,0,2,0,0,3,0,48,0,0,0,0,23,0,0,0,0,1,0
2021_USA-IRL_60d_09,USA-IRL,60d,USA-IRL_60d,0,0,0,0,0,2,41,0,0,0,0,4,4,31,0,0,0,0,18,0,0,0,0,0,0
2021_USA-IRL_60d_10,USA-IRL,60d,USA-IRL_60d,0,0,0,0,0,0,33,4,0,0,0,5,2,36,0,0,0,0,18,0,0,2,0,0,0
2021_USA-IRL_60d_11,USA-IRL,60d,USA-IRL_60d,0,0,0,0,0,2,45,0,1,0,0,9,8,28,0,0,0,0,7,0,0,0,0,0,0
2021_USA-IRL_60d_12,USA-IRL,60d,USA-IRL_60d,0,0,0,0,0,2,48,0,2,0,0,2,0,42,0,0,0,0,2,0,0,1,0,1,0
2021_USA-IRL_90d_13,USA-IRL,90d,USA-IRL_90d,0,0,0,0,0,0,43,0,0,0,0,1,4,35,0,0,0,0,17,0,0,0,0,0,0
2021_USA-IRL_90d_14,USA-IRL,90d,USA-IRL_90d,0,0,0,0,0,3,34,0,0,0,0,2,3,54,0,0,0,0,4,0,0,0,0,0,0
2021_USA-IRL_90d_15,USA-IRL,90d,USA-IRL_90d,0,0,0,0,0,1,59,0,0,0,0,3,0,20,0,0,0,0,17,0,0,0,0,0,0
2021_USA-IRL_90d_16,USA-IRL,90d,USA-IRL_90d,0,0,0,0,0,0,30,0,0,0,0,14,0,49,0,0,0,0,5,0,0,0,0,2,0
2021_USA-IRL_90d_17,USA-IRL,90d,USA-IRL_90d,0,0,0,0,0,0,38,0,0,0,0,1,4,32,0,4,0,0,12,0,0,9,0,0,0
2021_USA-IRL_90d_18,USA-IRL,90d,USA-IRL_90d,0,0,0,0,0,1,19,0,1,0,0,20,4,30,0,5,0,0,13,0,0,3,0,4,0
2021_USA-LIS_30d_01,USA-LIS,30d,USA-LIS_30d,0,0,0,0,0,34,0,0,0,0,0,3,0,0,0,0,0,0,0,0,0,0,0,63,0
2021_USA-LIS_30d_02,USA-LIS,30d,USA-LIS_30d,0,0,0,0,0,59,0,0,0,0,0,5,0,3,0,0,0,0,0,0,0,0,0,33,0
2021_USA-LIS_30d_03,USA-LIS,30d,USA-LIS_30d,0,0,0,0,0,0,0,0,0,0,0,0,0,0,0,0,0,0,0,0,0,0,0,90,10
2021_USA-LIS_30d_04,USA-LIS,30d,USA-LIS_30d,0,0,0,0,0,51,0,0,0,0,0,2,0,0,0,0,0,0,0,2,0,0,0,45,0
2021_USA-LIS_30d_05,USA-LIS,30d,USA-LIS_30d,0,0,0,0,0,42,6,0,0,0,0,2,0,11,0,0,0,0,0,3,0,0,0,33,3
2021_USA-LIS_30d_06,USA-LIS,30d,USA-LIS_30d,0,0,0,0,0,29,3,0,0,0,0,4,0,0,0,1,0,0,0,0,0,0,0,53,10
2021_USA-LIS_60d_07,USA-LIS,60d,USA-LIS_60d,0,0,0,0,0,47,0,0,0,4,0,5,0,0,0,0,0,0,0,13,0,0,0,31,0
2021_USA-LIS_60d_08,USA-LIS,60d,USA-LIS_60d,0,0,0,0,0,19,0,0,0,5,0,3,0,0,0,0,0,0,0,0,1,0,0,72,0
2021_USA-LIS_60d_09,USA-LIS,60d,USA-LIS_60d,0,0,0,0,0,10,2,0,0,0,0,13,1,0,0,0,0,0,0,2,0,0,0,72,0
2021_USA-LIS_60d_10,USA-LIS,60d,USA-LIS_60d,0,0,0,0,0,21,0,0,0,0,0,9,0,0,0,0,0,0,0,5,0,0,0,65,0
2021_USA-LIS_60d_11,USA-LIS,60d,USA-LIS_60d,0,0,0,0,0,25,0,0,0,0,0,7,0,0,0,0,0,0,0,4,0,0,0,64,0
2021_USA-LIS_60d_12,USA-LIS,60d,USA-LIS_60d,0,0,0,0,0,18,0,0,2,0,0,13,0,0,0,0,0,0,0,0,0,0,0,67,0
2021_USA-LIS_90d_13,USA-LIS,90d,USA-LIS_90d,0,0,0,0,0,23,6,0,0,2,0,14,0,0,0,0,0,0,0,0,0,0,0,55,0
2021_USA-LIS_90d_14,USA-LIS,90d,USA-LIS_90d,0,0,0,0,0,1,0,0,0,8,0,28,0,0,0,0,0,0,0,18,0,0,0,45,0
2021_USA-LIS_90d_15,USA-LIS,90d,USA-LIS_90d,0,0,0,0,0,24,5,0,0,2,1,18,0,0,0,0,0,0,0,1,4,0,0,45,0
2021_USA-LIS_90_16,USA-LIS,90d,USA-LIS_90d,0,0,0,0,0,3,8,0,0,0,8,35,0,0,0,0,0,0,0,0,0,0,0,46,0
2021_USA-LIS_90D_17,USA-LIS,90d,USA-LIS_90d,0,0,0,0,0,18,4,0,0,5,0,10,1,0,0,0,0,0,0,4,0,0,0,58,0
2021_USA-LIS_90d_18,USA-LIS,90d,USA-LIS_90d,0,0,0,0,0,0,0,0,0,13,3,24,0,0,0,0,0,0,0,1,0,0,0,59,0
2021_USA-MDA_30d_01,USA-MDA,30d,USA-MDA_30d,0,0,0,0,0,0,0,79,0,0,0,0,0,0,0,0,0,0,0,0,20,0,0,1,0
2021_USA-MDA_30d_02,USA-MDA,30d,USA-MDA_30d,0,0,0,0,0,0,0,88,0,0,0,0,0,0,0,0,0,0,0,0,12,0,0,0,0
2021_USA-MDA_30d_03,USA-MDA,30d,USA-MDA_30d,0,0,0,0,0,0,0,90,0,0,0,0,0,0,0,0,0,0,0,0,9,0,0,1,0
2021_USA-MDA_30d_04,USA-MDA,30d,USA-MDA_30d,0,0,0,0,0,0,0,94,0,0,0,0,0,0,0,0,0,0,0,0,5,0,0,1,0
2021_USA-MDA_30d_05,USA-MDA,30d,USA-MDA_30d,0,0,0,0,0,0,0,83,0,0,0,0,0,0,0,0,0,0,0,0,11,0,0,6,0
2021_USA-MDA_30d_06,USA-MDA,30d,USA-MDA_30d,0,0,0,0,0,0,0,82,0,0,0,0,0,0,0,0,0,0,0,0,16,0,0,2,0
2021_USA-MDA_60d_07,USA-MDA,60d,USA-MDA_60d,0,0,0,0,0,0,0,88,0,0,0,0,0,0,0,0,0,0,0,0,12,0,0,0,0
2021_USA-MDA_60d_08,USA-MDA,60d,USA-MDA_60d,0,0,0,0,0,0,0,86,0,0,0,0,0,0,0,0,0,0,0,0,14,0,0,0,0
2021_USA-MDA_60d_09,USA-MDA,60d,USA-MDA_60d,0,0,0,0,0,0,0,76,0,0,0,0,0,0,0,0,0,0,0,0,24,0,0,0,0
2021_USA-MDA_60d_10,USA-MDA,60d,USA-MDA_60d,0,0,0,0,0,0,0,90,0,0,0,0,0,0,0,0,0,0,0,0,10,0,0,0,0
2021_USA-MDA_60d_11,USA-MDA,60d,USA-MDA_60d,0,0,0,0,0,0,0,75,0,0,0,0,0,0,0,0,0,0,0,0,25,0,0,0,0
2021_USA-MDA_60d_12,USA-MDA,60d,USA-MDA_60d,0,0,0,0,0,0,0,90,0,0,0,0,0,0,0,0,0,0,0,0,10,0,0,0,0
2021_USA-MDA_90d_13,USA-MDA,90d,USA-MDA_90d,0,0,0,0,0,0,0,95,0,0,0,3,0,0,0,0,0,0,0,0,2,0,0,0,0
2021_USA-MDA_90d_14,USA-MDA,90d,USA-MDA_90d,0,0,0,0,0,0,0,87,0,0,0,0,0,0,0,0,0,0,0,0,8,0,0,5,0
2021_USA-MDA_90d_15,USA-MDA,90d,USA-MDA_90d,0,0,0,0,0,0,0,96,0,0,0,0,0,0,0,0,0,0,0,0,3,0,0,1,0
2021_USA-MDA_90d_16,USA-MDA,90d,USA-MDA_90d,0,0,0,0,0,0,0,91,0,0,0,0,0,0,0,0,0,0,0,0,9,0,0,0,0
2021_USA-MDA_90d_17,USA-MDA,90d,USA-MDA_90d,0,0,0,0,0,0,0,95,0,0,0,0,0,0,0,0,0,0,0,0,5,0,0,0,0
2021_USA-MDA_90d_18,USA-MDA,90d,USA-MDA_90d,0,0,0,0,0,0,0,93,0,0,0,0,0,0,0,0,0,0,0,0,7,0,0,0,0
2021_USA-MWH_30d_01,USA-MWH,30d,USA-MWH_30d,0,0,0,0,0,0,56,0,0,0,0,0,11,0,0,0,0,0,0,5,0,0,0,28,0
2021_USA-MWH_30d_02,USA-MWH,30d,USA-MWH_30d,0,0,0,0,0,0,58,0,0,0,0,1,6,9,0,0,0,0,0,3,0,0,0,23,0
2021_USA-MWH_30d_03,USA-MWH,30d,USA-MWH_30d,0,0,0,0,0,0,48,0,0,0,0,2,12,3,0,0,0,0,0,1,0,0,0,34,0
2021_USA-MWH_30d_04,USA-MWH,30d,USA-MWH_30d,0,0,0,0,0,0,47,0,0,0,0,1,9,9,0,0,0,0,0,0,0,0,0,34,0
2021_USA-MWH_30d_05,USA-MWH,30d,USA-MWH_30d,0,0,0,0,0,0,47,0,0,0,0,2,16,5,0,0,0,0,0,6,0,0,0,24,0
2021_USA-MWH_30d_06,USA-MWH,30d,USA-MWH_30d,0,0,0,0,0,0,53,0,0,0,0,2,16,3,0,0,0,0,0,4,0,0,0,22,0
2021_USA-MWH_60d_07,USA-MWH,60d,USA-MWH_60d,0,0,0,0,0,0,46,0,0,0,0,4,2,12,0,0,0,0,0,2,0,0,0,34,0
2021_USA-MWH_60d_08,USA-MWH,60d,USA-MWH_60d,0,0,0,0,0,0,47,0,0,0,0,14,2,2,0,0,0,0,0,3,0,0,0,32,0
2021_USA-MWH_60d_09,USA-MWH,60d,USA-MWH_60d,0,0,0,0,0,0,46,0,0,0,0,2,4,5,0,0,0,0,0,1,0,0,0,42,0
2021_USA-MWH_60d_10,USA-MWH,60d,USA-MWH_60d,0,0,0,0,0,0,37,0,0,0,0,5,0,3,0,0,0,0,0,4,0,1,0,50,0
2021_USA-MWH_60d_11,USA-MWH,60d,USA-MWH_60d,0,0,0,0,0,0,55,0,0,0,0,14,0,1,0,0,0,0,0,4,0,0,0,26,0
2021_USA-MWH_60d_12,USA-MWH,60d,USA-MWH_60d,0,0,0,0,0,1,45,0,0,0,0,10,0,5,0,0,0,0,0,1,0,0,0,38,0
2021_USA-MWH_90d_13,USA-MWH,90d,USA-MWH_90d,0,0,0,0,0,12,24,0,0,0,0,22,1,9,0,0,0,0,0,11,0,4,0,17,0
2021_USA-MWH_90d_14,USA-MWH,90d,USA-MWH_90d,0,0,0,0,0,21,23,0,0,0,0,17,0,11,0,0,0,0,0,14,0,2,0,12,0
2021_USA-MWH_90d_15,USA-MWH,90d,USA-MWH_90d,0,0,0,0,0,7,40,0,0,0,0,14,1,11,0,0,0,0,0,12,0,1,0,14,0
2021_USA-MWH_90d_16,USA-MWH,90d,USA-MWH_90d,0,0,0,0,0,11,46,0,0,0,0,9,0,3,0,0,1,0,0,11,0,4,0,15,0
2021_USA-MWH_90d_17,USA-MWH,90d,USA-MWH_90d,0,0,0,0,0,16,41,0,0,0,0,11,0,5,0,0,0,0,0,5,0,1,0,21,0
2021_USA-MWH_90d_18,USA-MWH,90d,USA-MWH_90d,0,0,0,0,0,10,43,0,0,0,0,15,0,4,0,0,0,0,0,9,0,3,0,16,0
2021_USA-SDB_30d_01,USA-SDB,30d,USA-SDB_30d,0,0,0,0,0,1,0,0,5,0,11,0,10,7,0,0,0,0,0,2,0,0,0,64,0
2021_USA-SDB_30d_02,USA-SDB,30d,USA-SDB_30d,0,0,0,0,0,5,0,0,4,0,0,1,0,10,0,1,0,0,0,4,0,0,0,75,0
2021_USA-SDB_30d_03,USA-SDB,30d,USA-SDB_30d,0,0,0,0,0,5,0,0,4,0,1,2,0,30,0,1,0,0,0,1,0,0,0,56,0
2021_USA-SDB_30d_04,USA-SDB,30d,USA-SDB_30d,0,0,0,0,0,4,1,0,12,0,7,0,14,29,0,0,0,0,0,0,0,0,0,33,0
2021_USA-SDB_30d_05,USA-SDB,30d,USA-SDB_30d,0,0,0,0,0,2,0,0,10,0,0,0,0,2,0,0,0,0,0,6,0,0,0,80,0
2021_USA-SDB_30d_06,USA-SDB,30d,USA-SDB_30d,0,0,0,0,0,3,0,0,1,0,0,0,8,3,0,0,0,0,0,4,0,0,0,81,0
2021_USA-SDB_60d_07,USA-SDB,60d,USA-SDB_60d,0,0,0,0,0,0,0,0,3,0,15,2,6,44,0,2,0,0,0,8,0,0,0,20,0
2021_USA-SDB_60d_08,USA-SDB,60d,USA-SDB_60d,0,0,0,0,0,13,1,0,1,0,3,3,9,53,0,7,0,0,0,1,0,3,0,6,0
2021_USA-SDB_60d_09,USA-SDB,60d,USA-SDB_60d,0,0,0,0,0,19,5,0,4,0,2,0,16,18,0,14,0,0,0,9,0,0,0,13,0
2021_USA-SDB_60d_10,USA-SDB,60d,USA-SDB_60d,0,0,0,0,0,22,3,0,1,0,6,1,15,49,0,0,0,0,0,0,0,1,0,2,0
2021_USA-SDB_60d_11,USA-SDB,60d,USA-SDB_60d,0,0,0,0,0,14,0,0,2,0,21,0,10,21,0,3,0,0,0,5,0,0,0,24,0
2021_USA-SDB_60d_12,USA-SDB,60d,USA-SDB_60d,0,0,0,0,0,2,0,0,4,0,2,0,2,68,0,2,0,0,0,6,0,0,0,14,0
2021_USA-SDB_90d_13,USA-SDB,90d,USA-SDB_90d,0,0,0,0,0,1,0,0,1,0,10,1,62,24,0,0,0,0,0,0,0,0,0,1,0
2021_USA-SDB_90d_14,USA-SDB,90d,USA-SDB_90d,0,0,0,0,0,4,5,0,0,0,10,1,67,11,0,0,0,0,0,0,0,0,0,2,0
2021_USA-SDB_90d_15,USA-SDB,90d,USA-SDB_90d,0,0,0,0,0,0,3,0,1,0,6,0,34,39,3,4,0,0,0,8,0,1,0,1,0
2021_USA-SDB_90d_16,USA-SDB,90d,USA-SDB_90d,0,0,0,0,0,0,1,0,2,0,8,1,15,71,0,0,0,0,1,0,0,0,0,1,0
2021_USA-SDB_90d_17,USA-SDB,90d,USA-SDB_90d,0,0,0,0,0,11,9,0,4,0,9,1,16,43,0,2,0,0,0,0,0,0,0,5,0
2021_USA-SDB_90d_18,USA-SDB,90d,USA-SDB_90d,0,0,0,0,0,7,0,0,2,0,6,2,49,20,0,5,0,0,0,0,0,0,0,9,0
2021_USA-SFB_30d_01,USA-SFB,30d,USA-SFB_30d,0,0,0,0,0,0,5,0,0,0,0,0,2,24,0,0,0,0,0,0,0,0,0,69,0
2021_USA-SFB_30d_02,USA-SFB,30d,USA-SFB_30d,2,0,3,0,13,0,3,0,0,0,1,1,7,24,0,0,0,0,0,2,0,0,0,44,0
2021_USA-SFB_30d_03,USA-SFB,30d,USA-SFB_30d,0,0,0,0,0,0,7,0,0,0,0,0,4,38,0,0,0,0,0,0,0,0,0,51,0
2021_USA-SFB_30d_04,USA-SFB,30d,USA-SFB_30d,0,0,0,0,0,0,6,0,0,0,0,0,0,15,0,0,0,0,0,0,0,0,0,79,0
2021_USA-SFB_30d_05,USA-SFB,30d,USA-SFB_30d,0,0,0,0,0,0,3,0,0,0,0,0,10,18,0,0,0,0,0,0,0,0,0,69,0
2021_USA-SFB_30d_06,USA-SFB,30d,USA-SFB_30d,0,0,0,0,0,0,27,0,0,0,0,0,2,25,0,0,0,0,0,0,0,0,0,46,0
2021_USA-SFB_60d_07,USA-SFB,60d,USA-SFB_60d,0,0,0,0,0,0,57,0,0,0,0,0,22,16,0,0,0,0,0,0,0,0,0,5,0
2021_USA-SFB_60d_08,USA-SFB,60d,USA-SFB_60d,0,0,0,0,0,0,28,0,0,0,0,0,13,41,0,0,0,0,0,0,0,0,0,18,0
2021_USA-SFB_60d_09,USA-SFB,60d,USA-SFB_60d,0,0,0,0,0,0,52,0,0,0,0,0,23,23,0,0,0,0,0,0,0,0,0,2,0
2021_USA-SFB_60d_10,USA-SFB,60d,USA-SFB_60d,0,0,0,0,0,0,55,0,0,0,0,0,23,21,0,0,0,0,0,0,0,0,0,1,0
2021_USA-SFB_60d_11,USA-SFB,60d,USA-SFB_60d,0,0,0,0,0,0,48,0,0,0,0,0,1,46,0,0,0,0,0,0,0,0,0,5,0
2021_USA-SFB_60d_12,USA-SFB,60d,USA-SFB_60d,0,0,1,0,0,0,43,0,0,0,0,0,16,29,0,0,0,0,0,0,0,0,0,11,0
2021_USA-SFB_90d_13,USA-SFB,90d,USA-SFB_90d,0,0,0,0,0,0,53,0,0,0,0,0,36,3,0,0,0,0,0,0,0,0,0,8,0
2021_USA-SFB_90d_14,USA-SFB,90d,USA-SFB_90d,0,0,0,0,1,0,31,0,0,0,0,0,17,44,0,0,0,0,0,0,0,0,0,7,0
2021_USA-SFB_90d_15,USA-SFB,90d,USA-SFB_90d,0,0,0,0,0,0,53,0,0,0,0,0,9,27,0,0,0,0,0,0,0,0,0,11,0
2021_USA-SFB_90d_16,USA-SFB,90d,USA-SFB_90d,0,0,0,0,0,0,46,0,0,0,0,0,3,43,0,0,0,0,0,0,0,0,0,8,0
2021_USA-SFB_90d_17,USA-SFB,90d,USA-SFB_90d,0,0,0,0,0,0,52,0,0,0,0,0,19,23,0,0,0,0,0,0,0,0,0,6,0
2021_USA-SFB_90d_18,USA-SFB,90d,USA-SFB_90d,0,0,0,0,0,0,63,0,0,0,0,0,20,16,0,0,0,0,0,0,0,0,0,1,0
2021_USA-TMA_30d_01,USA-TMA,30d,USA-TMA_30d,0,0,0,0,0,0,0,0,0,0,0,6,0,0,0,0,0,0,0,80,0,0,0,3,11
2021_USA-TMA_30d_02,USA-TMA,30d,USA-TMA_30d,0,0,0,0,0,0,0,0,0,0,0,8,0,0,0,0,0,0,0,63,0,0,0,14,15
2021_USA-TMA_30d_03,USA-TMA,30d,USA-TMA_30d,0,0,0,0,0,0,0,0,0,0,0,7,0,0,0,0,0,0,0,48,0,0,0,5,40
2021_USA-TMA_30d_04,USA-TMA,30d,USA-TMA_30d,0,0,0,0,0,0,0,0,0,0,0,32,0,0,0,0,0,0,0,23,0,0,0,21,24
2021_USA-TMA_30d_05,USA-TMA,30d,USA-TMA_30d,0,0,0,0,0,0,0,0,0,0,0,20,0,0,0,0,0,0,0,41,1,0,0,13,25
2021_USA-TMA_30d_06,USA-TMA,30d,USA-TMA_30d,0,0,0,0,0,0,0,0,0,0,0,8,0,0,0,0,0,0,0,44,0,0,0,13,35
2021_USA-TMA_60d_07,USA-TMA,60d,USA-TMA_60d,0,0,0,0,0,4,0,0,0,0,0,31,0,0,0,0,0,0,0,18,0,0,0,21,26
2021_USA-TMA_60d_08,USA-TMA,60d,USA-TMA_60d,0,0,0,0,0,0,0,0,0,0,0,28,0,0,0,0,0,0,0,47,0,0,0,8,17
2021_USA-TMA_60d_09,USA-TMA,60d,USA-TMA_60d,0,0,0,0,0,0,0,0,0,0,0,25,0,0,0,0,0,0,0,30,0,0,0,20,25
2021_USA-TMA_60d_10,USA-TMA,60d,USA-TMA_60d,0,0,0,0,0,0,0,0,0,0,0,52,0,0,0,1,0,0,0,23,0,0,0,13,11
2021_USA-TMA_60d_11,USA-TMA,60d,USA-TMA_60d,0,0,0,0,0,0,0,0,0,0,0,13,0,0,0,0,0,0,0,39,0,0,0,7,41
2021_USA-TMA_60d_12,USA-TMA,60d,USA-TMA_60d,0,0,0,0,0,0,0,0,0,0,0,14,0,0,0,1,0,0,0,50,0,0,0,15,20
2021_USA-TMA_90d_13,USA-TMA,90d,USA-TMA_90d,0,0,0,0,0,0,0,0,0,0,0,32,0,0,0,0,0,0,0,29,0,0,0,15,24
2021_USA-TMA_90d_14,USA-TMA,90d,USA-TMA_90d,0,0,0,0,0,8,0,0,0,0,0,10,0,0,0,0,0,0,0,33,0,0,0,5,44
2021_USA-TMA_90d_15,USA-TMA,90d,USA-TMA_90d,0,0,0,0,0,0,0,0,0,0,0,21,0,0,0,0,0,0,0,19,0,0,0,0,60
2021_USA-TMA_90d_16,USA-TMA,90d,USA-TMA_90d,0,0,0,0,0,0,0,0,0,0,0,24,0,0,0,0,0,0,0,27,1,0,0,5,43
2021_USA-TMA_90d_17,USA-TMA,90d,USA-TMA_90d,0,0,0,0,0,0,0,0,0,0,0,17,0,0,0,0,0,0,0,36,0,0,0,5,42
2021_USA-TMA_90d_18,USA-TMA,90d,USA-TMA_90d,0,0,0,0,0,0,0,0,0,0,0,25,0,0,0,0,1,0,0,26,0,0,0,12,36
2021_USA-VAS_30d_01,USA-VAS,30d,USA-VAS_30d,0,0,0,0,0,0,11,0,0,0,0,0,0,57,0,0,0,0,0,24,0,0,0,8,0
2021_USA-VAS_30d_02,USA-VAS,30d,USA-VAS_30d,0,0,0,0,0,0,44,0,0,0,0,10,0,37,0,0,0,0,0,5,0,2,0,2,0
2021_USA-VAS_30d_03,USA-VAS,30d,USA-VAS_30d,0,0,0,0,0,0,15,0,0,0,0,0,5,36,0,0,0,0,0,19,0,0,0,24,1
2021_USA-VAS_30d_04,USA-VAS,30d,USA-VAS_30d,0,0,0,0,0,0,47,0,0,0,0,10,0,26,0,0,0,0,0,3,0,0,0,11,3
2021_USA-VAS_30d_05,USA-VAS,30d,USA-VAS_30d,0,0,0,0,0,0,74,0,0,0,0,2,0,1,0,0,0,0,0,1,0,22,0,0,0
2021_USA-VAS_30d_06,USA-VAS,30d,USA-VAS_30d,0,0,0,0,0,0,44,0,0,0,0,28,0,5,0,1,0,0,0,3,0,6,0,13,0
2021_USA-VAS_60d_07,USA-VAS,60d,USA-VAS_60d,0,0,0,0,0,0,22,0,0,0,0,8,5,60,0,0,0,0,0,1,0,3,0,1,0
2021_USA-VAS_60d_08,USA-VAS,60d,USA-VAS_60d,0,0,0,0,0,0,33,0,0,0,0,2,4,57,0,0,0,0,0,2,0,0,0,2,0
2021_USA-VAS_60d_09,USA-VAS,60d,USA-VAS_60d,0,0,0,0,0,0,20,0,0,0,0,0,12,65,0,0,0,0,0,2,0,1,0,0,0
2021_USA-VAS_60d_10,USA-VAS,60d,USA-VAS_60d,0,0,0,0,0,0,19,0,0,0,0,3,20,54,0,0,0,0,1,2,0,0,0,1,0
2021_USA-VAS_60d_11,USA-VAS,60d,USA-VAS_60d,0,0,0,0,0,0,20,0,0,0,0,1,13,66,0,0,0,0,0,0,0,0,0,0,0
2021_USA-VAS_60d_12,USA-VAS,60d,USA-VAS_60d,0,0,0,0,0,0,33,0,0,0,0,5,1,60,0,0,0,0,0,0,0,1,0,0,0
2021_USA-VAS_90d_13,USA-VAS,90d,USA-VAS_90d,0,0,0,0,0,0,25,0,0,0,0,6,18,41,0,0,0,0,0,4,0,0,0,6,0
2021_USA-VAS_90d_14,USA-VAS,90d,USA-VAS_90d,0,0,0,0,0,0,18,0,0,0,0,2,0,77,0,0,0,0,0,1,0,2,0,0,0
2021_USA-VAS_90d_15,USA-VAS,90d,USA-VAS_90d,0,0,0,0,0,0,10,0,0,0,0,0,0,83,0,0,0,0,0,2,0,1,0,4,0
2021_USA-VAS_90d_16,USA-VAS,90d,USA-VAS_90d,0,0,0,0,0,0,16,0,0,0,0,3,13,65,0,0,0,0,0,2,0,0,0,1,0
2021_USA-VAS_90d_17,USA-VAS,90d,USA-VAS_90d,0,0,0,0,0,0,3,0,0,0,0,1,6,88,0,0,0,0,0,1,0,0,0,1,0
2021_USA-VAS_90d_18,USA-VAS,90d,USA-VAS_90d,0,0,0,0,2,0,2,0,0,0,0,13,3,71,0,0,0,0,0,0,0,0,0,9,0
2021_USA-WAS_30d_01,USA-WAS,30d,USA-WAS_30d,0,0,0,0,0,0,0,0,0,0,0,0,0,0,0,0,0,0,0,0,0,0,0,100,0
2021_USA-WAS_30d_02,USA-WAS,30d,USA-WAS_30d,0,0,0,0,0,0,0,0,0,0,0,0,0,0,0,0,0,0,0,0,0,0,0,100,0
2021_USA-WAS_30d_03,USA-WAS,30d,USA-WAS_30d,0,0,0,0,0,0,0,0,0,0,0,0,0,0,0,0,0,0,0,0,0,0,0,100,0
2021_USA-WAS_30d_04,USA-WAS,30d,USA-WAS_30d,0,0,0,0,0,0,0,0,0,0,0,0,0,0,0,0,0,0,0,0,0,0,0,100,0
2021_USA-WAS_30d_05,USA-WAS,30d,USA-WAS_30d,0,0,0,0,0,0,0,0,0,0,0,0,0,0,0,0,0,0,0,0,0,0,0,100,0
2021_USA-WAS_60D_07,USA-WAS,60d,USA-WAS_60d,0,0,0,0,0,0,0,0,0,0,2,2,0,0,0,0,0,0,0,0,0,0,0,96,0
2021_USA-WAS_60D_08,USA-WAS,60d,USA-WAS_60d,0,0,0,0,0,0,0,0,0,0,2,0,0,0,0,0,0,0,0,0,0,0,0,98,0
2021_USA-WAS_60D_09,USA-WAS,60d,USA-WAS_60d,0,0,0,0,0,0,0,0,0,0,3,0,0,0,0,0,0,0,0,0,0,0,0,97,0
2021_USA-WAS_60d_10,USA-WAS,60d,USA-WAS_60d,0,0,0,0,0,0,0,0,0,0,0,0,0,0,0,0,0,0,0,0,0,0,0,100,0
2021_USA-WAS_60d_11,USA-WAS,60d,USA-WAS_60d,0,0,0,0,0,0,0,0,0,0,2,0,0,0,0,0,0,0,0,0,0,0,0,98,0
2021_USA-WAS_60d_12,USA-WAS,60d,USA-WAS_60d,0,0,0,0,0,0,3,0,0,0,2,0,0,0,0,0,0,0,0,0,0,0,0,95,0
2021_USA-WAS_90d_13,USA-WAS,90d,USA-WAS_90d,0,0,0,0,0,0,0,0,0,0,11,0,0,0,0,0,0,0,0,0,0,0,0,89,0
2021_USA-WAS_90d_14,USA-WAS,90d,USA-WAS_90d,0,0,0,0,0,0,0,0,0,0,5,0,0,0,0,0,0,0,0,0,0,0,0,95,0
2021_USA-WAS_90d_15,USA-WAS,90d,USA-WAS_90d,0,0,0,0,0,0,0,0,0,0,3,0,0,0,0,0,0,0,0,0,0,0,0,97,0
2021_USA-WAS_90d_16,USA-WAS,90d,USA-WAS_90d,0,0,0,0,0,0,0,0,0,0,5,0,0,0,0,0,0,0,0,0,0,0,0,95,0
2021_USA-WAS_90d_17,USA-WAS,90d,USA-WAS_90d,0,0,0,0,0,0,0,0,0,0,5,1,0,0,0,0,0,0,0,0,0,0,0,94,0
2021_USA-WAS_90d_18,USA-WAS,90d,USA-WAS_90d,0,0,0,0,0,0,0,0,0,0,7,0,0,0,0,0,0,0,0,1,0,0,0,92,0