site,panel,taxon
USA-SBH,1,Hydroides
USA-SBH,1,ccw
USA-SBH,1,watersipora
USA-SBH,1,Ciona
USA-SBH,1,amp tubes
USA-SBH,1,cw
USA-SBH,1,Crisulipora
USA-SBH,1,ebryo01
USA-SBH,1,salmacina
USA-SBH,1,bner
USA-SBH,1,Thalamoporella
USA-SBH,2,salmacina
USA-SBH,2,Hydroides
USA-SBH,2,cw
USA-SBH,2,ccw
USA-SBH,2,watersipora
USA-SBH,2,Thalamoporella
USA-SBH,2,ebryo01
USA-SBH,2,amp tubes
USA-SBH,2,Crisulipora
USA-SBH,2,spg-orange
USA-SBH,2,Ciona
USA-SBH,3,Hydroides
USA-SBH,3,Thalamoporella
USA-SBH,3,Crisulipora
USA-SBH,3,cw
USA-SBH,3,ccw
USA-SBH,3,watersipora
USA-SBH,3,amp tubes
USA-SBH,3,obelia
USA-SBH,3,salmacina
USA-SBH,3,ebryo01
USA-SBH,4,ebryo01
USA-SBH,4,cw
USA-SBH,4,ccw
USA-SBH,4,amp tubes
USA-SBH,4,Ciona
USA-SBH,4,watersipora
USA-SBH,4,Thalamoporella
USA-SBH,4,ebryo01
USA-SBH,4,Hydroides
USA-SBH,5,amp tubes
USA-SBH,5,cw
USA-SBH,5,ccw
USA-SBH,5,Thalamoporella
USA-SBH,5,ebryo01
USA-SBH,5,obelia
USA-SBH,5,Ciona
USA-SBH,5,Crisulipora
USA-SBH,5,salmacina
USA-SBH,5,watersipora
USA-SBH,6,salmacina
USA-SBH,6,obelia
USA-SBH,6,Hydroides
USA-SBH,6,watersipora
USA-SBH,6,ebryo01
USA-SBH,6,Crisulipora
USA-SBH,6,cw
USA-SBH,6,ccw
USA-SBH,6,amp tubes
USA-SBH,7,bner
USA-SBH,7,Thalamoporella
USA-SBH,7,watersipora
USA-SBH,7,cw
USA-SBH,7,ccw
USA-SBH,7,ebryo01
USA-SBH,7,Crisulipora
USA-SBH,7,Hydroides
USA-SBH,7,obelia
USA-SBH,7,ebryo02-clear
USA-SBH,7,amp tubes
USA-SBH,8,Crisulipora
USA-SBH,8,Thalamoporella
USA-SBH,8,cw
USA-SBH,8,ccw
USA-SBH,8,watersipora
USA-SBH,8,Hydroides
USA-SBH,8,ebryo01
USA-SBH,8,ebryo02-clear
USA-SBH,8,spg-yellow
USA-SBH,9,ebryo01
USA-SBH,9,ebryo02-clear
USA-SBH,9,Thalamoporella
USA-SBH,9,watersipora
USA-SBH,9,cw
USA-SBH,9,ccw
USA-SBH,9,Hydroides
USA-SBH,9,spg-yellow
USA-SBH,9,salmacina
USA-SBH,9,Crisulipora
USA-SBH,9,bner
USA-SBH,9,amp tubes
USA-SBH,10,watersipora
USA-SBH,10,cw
USA-SBH,10,ccw
USA-SBH,10,Crisulipora
USA-SBH,10,obelia
USA-SBH,10,salmacina
USA-SBH,10,Hydroides
USA-SBH,10,ebryo01
USA-SBH,10,Thalamoporella
USA-SBH,10,spg-yellow
USA-SBH,11,salmacina
USA-SBH,11,cw
USA-SBH,11,ccw
USA-SBH,11,ebryo01
USA-SBH,11,watersipora
USA-SBH,11,Crisulipora
USA-SBH,11,obelia
USA-SBH,11,Thalamoporella
USA-SBH,11,ebryo02-clear
USA-SBH,11,spg-orange
USA-SBH,12,salmacina
USA-SBH,12,watersipora
USA-SBH,12,ebryo01
USA-SBH,12,cw
USA-SBH,12,ccw
USA-SBH,12,Crisulipora
USA-SBH,12,Thalamoporella
USA-SBH,12,spg-yellow
USA-SBH,12,bner
USA-SBH,12,spg-orange
USA-SBH,12,ebryo02-clear
USA-SBH,12,amp tubes
USA-SBH,13,Thalamoporella
USA-SBH,13,cw
USA-SBH,13,ccw
USA-SBH,13,bner
USA-SBH,13,Ciona
USA-SBH,13,Crisulipora
USA-SBH,13,ebryo01
USA-SBH,13,ebryo02-clear
USA-SBH,13,botryllus sch
USA-SBH,13,amp tubes
USA-SBH,13,Hydroides
USA-SBH,13,salmacina
USA-SBH,14,Thalamoporella
USA-SBH,14,watersipora
USA-SBH,14,ebryo01
USA-SBH,14,cw
USA-SBH,14,ccw
USA-SBH,14,salmacina
USA-SBH,14,Hydroides
USA-SBH,14,mytilus
USA-SBH,14,Ciona
USA-SBH,14,ebryo02-clear
USA-SBH,15,watersipora
USA-SBH,15,cw
USA-SBH,15,ccw
USA-SBH,15,spg-yellow
USA-SBH,15,salmacina
USA-SBH,15,Hydroides
USA-SBH,15,Thalamoporella
USA-SBH,15,ebryo02-clear
USA-SBH,15,Crisulipora
USA-SBH,15,ebryo01
USA-SBH,15,obelia
USA-SBH,15,bner
USA-SBH,15,bstolon
USA-SBH,16,bner
USA-SBH,16,Crisulipora
USA-SBH,16,Thalamoporella
USA-SBH,16,cw
USA-SBH,16,ccw
USA-SBH,16,salmacina
USA-SBH,16,Hydroides
USA-SBH,16,watersipora
USA-SBH,16,Ciona
USA-SBH,16,obelia
USA-SBH,16,spg-yellow
USA-SBH,16,ebryo01
USA-SBH,16,bstolon
USA-SBH,16,ebryo02-clear
USA-SBH,17,watersipora
USA-SBH,17,Thalamoporella
USA-SBH,17,Crisulipora
USA-SBH,17,cw
USA-SBH,17,ccw
USA-SBH,17,salmacina
USA-SBH,17,Hydroides
USA-SBH,17,amp tubes
USA-SBH,17,botrylloides
USA-SBH,17,Ciona
USA-SBH,17,spg-orange
USA-SBH,17,obelia
USA-SBH,17,spg-yellow
USA-SBH,17,sycon
USA-SBH,17,bstolon
USA-SBH,18,watersipora
USA-SBH,18,cw
USA-SBH,18,ccw
USA-SBH,18,Thalamoporella
USA-SBH,18,spg-yellow
USA-SBH,18,Crisulipora
USA-SBH,18,salmacina
USA-SBH,18,Hydroides
USA-SBH,18,Ciona
USA-SBH,18,ebryo02-clear
USA-SBH,18,ebryo02-clear
USA-SBH,18,bstolon
USA-SBH,18,obelia
USA-SDB,1,watersipora
USA-SDB,1,obelia
USA-SDB,1,ciona
USA-SDB,1,diplo list
USA-SDB,1,ccw
USA-SDB,1,botryllus sch
USA-SDB,1,cw
USA-SDB,1,salmacina
USA-SDB,1,bal e
USA-SDB,1,amp tubes
USA-SDB,1,Crisulipora
USA-SDB,1,bal a
USA-SDB,1,symplegma
USA-SDB,1,plumularia
USA-SDB,1,distaplia
USA-SDB,2,diplo list
USA-SDB,2,oyster
USA-SDB,2,watersipora
USA-SDB,2,amp tubes
USA-SDB,2,cw
USA-SDB,2,ccw
USA-SDB,2,botryllus sch
USA-SDB,2,Tubulipora
USA-SDB,2,Bugula pacifica
USA-SDB,2,bal a
USA-SDB,2,ciona
USA-SDB,2,lissoclinum - clear
USA-SDB,2,metandocarpa
USA-SDB,2,bal e
USA-SDB,2,salmacina
USA-SDB,3,Tubulipora
USA-SDB,3,botryllus sch
USA-SDB,3,oyster
USA-SDB,3,obelia
USA-SDB,3,cw
USA-SDB,3,ccw
USA-SDB,3,watersipora
USA-SDB,3,bal a
USA-SDB,3,ebryo01-red
USA-SDB,3,aplidium
USA-SDB,3,amp tubes
USA-SDB,3,ciona
USA-SDB,3,salmacina
USA-SDB,3,Crisulipora
USA-SDB,3,ebryo02
USA-SDB,3,Bugula pacifica
USA-SDB,4,obelia
USA-SDB,4,ciona
USA-SDB,4,botryllus sch
USA-SDB,4,ebryo02
USA-SDB,4,Tubulipora
USA-SDB,4,amp tubes
USA-SDB,4,watersipora
USA-SDB,4,diplo list
USA-SDB,4,bal e
USA-SDB,4,oyster
USA-SDB,4,cw
USA-SDB,4,ccw
USA-SDB,4,salmacina
USA-SDB,4,Crisulipora
USA-SDB,4,Bugula pacifica
USA-SDB,4,bal a
USA-SDB,4,distaplia
USA-SDB,4,aplidium
USA-SDB,4,bner
USA-SDB,5,botryllus sch
USA-SDB,5,amp tubes
USA-SDB,5,polyandrocarpa
USA-SDB,5,cw
USA-SDB,5,ccw
USA-SDB,5,watersipora
USA-SDB,5,salmacina
USA-SDB,5,oyster
USA-SDB,5,ebryo02
USA-SDB,5,Tubulipora
USA-SDB,5,ciona
USA-SDB,5,bal a
USA-SDB,5,metandocarpa
USA-SDB,5,bal e
USA-SDB,5,lissoclinum - clear
USA-SDB,5,diplo list
USA-SDB,5,obelia
USA-SDB,6,ciona
USA-SDB,6,oyster
USA-SDB,6,botryllus sch
USA-SDB,6,watersipora
USA-SDB,6,Tubulipora
USA-SDB,6,cw
USA-SDB,6,ccw
USA-SDB,6,salmacina
USA-SDB,6,bal e
USA-SDB,6,amp tubes
USA-SDB,6,ebryo02
USA-SDB,6,aplidium
USA-SDB,6,diplo list
USA-SDB,6,obelia
USA-SDB,6,bal a
USA-SDB,7,amp tubes
USA-SDB,7,bal a
USA-SDB,7,bal e
USA-SDB,7,botrylloides
USA-SDB,7,botryllus sch
USA-SDB,7,ccw
USA-SDB,7,ciona
USA-SDB,7,Crisulipora
USA-SDB,7,cw
USA-SDB,7,diplo list
USA-SDB,7,ebryo02
USA-SDB,7,metandocarpa
USA-SDB,7,obelia
USA-SDB,7,oyster
USA-SDB,7,perophora
USA-SDB,7,plumularia
USA-SDB,7,salmacina
USA-SDB,7,spg-yellow
USA-SDB,7,styela clava
USA-SDB,7,watersipora
USA-SDB,7,Bugula pacifica
USA-SDB,8,amp tubes
USA-SDB,8,aplidium
USA-SDB,8,bal a
USA-SDB,8,bal e
USA-SDB,8,botrylloides
USA-SDB,8,Bugula pacifica
USA-SDB,8,ccw
USA-SDB,8,ciona
USA-SDB,8,cw
USA-SDB,8,diplo list
USA-SDB,8,ebryo01-red
USA-SDB,8,obelia
USA-SDB,8,oyster
USA-SDB,8,plumularia
USA-SDB,8,salmacina
USA-SDB,8,spg-yellow
USA-SDB,8,styela clava
USA-SDB,8,Tubulipora
USA-SDB,8,styela canopus
USA-SDB,8,watersipora
USA-SDB,9,amp tubes
USA-SDB,9,bal a
USA-SDB,9,botryllus sch
USA-SDB,9,Bugula pacifica
USA-SDB,9,ccw
USA-SDB,9,ciona
USA-SDB,9,Crisulipora
USA-SDB,9,cw
USA-SDB,9,diplo list
USA-SDB,9,ebryo01-red
USA-SDB,9,ebryo02
USA-SDB,9,metandocarpa
USA-SDB,9,obelia
USA-SDB,9,oyster
USA-SDB,9,plumularia
USA-SDB,9,salmacina
USA-SDB,9,styela clava
USA-SDB,9,symplegma
USA-SDB,9,watersipora
USA-SDB,9,styela canopus
USA-SDB,9,spg-yellow
USA-SDB,9,perophora
USA-SDB,10,amp tubes
USA-SDB,10,aplidium
USA-SDB,10,bal a
USA-SDB,10,bner
USA-SDB,10,botrylloides
USA-SDB,10,botryllus sch
USA-SDB,10,Bugula pacifica
USA-SDB,10,ccw
USA-SDB,10,ciona
USA-SDB,10,Crisulipora
USA-SDB,10,cw
USA-SDB,10,diplo list
USA-SDB,10,ebryo01-red
USA-SDB,10,obelia
USA-SDB,10,plumularia
USA-SDB,10,styela clava
USA-SDB,10,watersipora
USA-SDB,10,caulibugula
USA-SDB,10,salmacina
USA-SDB,11,amp tubes
USA-SDB,11,aplidium
USA-SDB,11,botrylloides
USA-SDB,11,botryllus sch
USA-SDB,11,Bugula pacifica
USA-SDB,11,ccw
USA-SDB,11,ciona
USA-SDB,11,cw
USA-SDB,11,diplo list
USA-SDB,11,ebryo02
USA-SDB,11,ebryo02
USA-SDB,11,metandocarpa
USA-SDB,11,obelia
USA-SDB,11,oyster
USA-SDB,11,salmacina
USA-SDB,11,botrylloides
USA-SDB,11,sycon
USA-SDB,11,watersipora
USA-SDB,11,spg-yellow
USA-SDB,11,perophora
USA-SDB,12,amp tubes
USA-SDB,12,aplidium
USA-SDB,12,aplidium
USA-SDB,12,bal a
USA-SDB,12,bal e
USA-SDB,12,botryllus sch
USA-SDB,12,ccw
USA-SDB,12,ciona
USA-SDB,12,Crisulipora
USA-SDB,12,cw
USA-SDB,12,diplo list
USA-SDB,12,diplo sponge
USA-SDB,12,ebryo02
USA-SDB,12,lissoclinum - clear
USA-SDB,12,metandocarpa
USA-SDB,12,obelia
USA-SDB,12,oyster
USA-SDB,12,perophora
USA-SDB,12,plumularia
USA-SDB,12,salmacina
USA-SDB,12,styela clava
USA-SDB,12,sycon
USA-SDB,12,watersipora
USA-SDB,12,botrylloides
USA-SDB,12,styela-black
USA-SDB,13,amp tubes
USA-SDB,13,botrylloides
USA-SDB,13,Bugula pacifica
USA-SDB,13,ccw
USA-SDB,13,ciona
USA-SDB,13,cw
USA-SDB,13,diplo list
USA-SDB,13,ebryo01-red
USA-SDB,13,ebryo02
USA-SDB,13,obelia
USA-SDB,13,oyster
USA-SDB,13,perophora
USA-SDB,13,polyandrocarpa
USA-SDB,13,styela clava
USA-SDB,13,sycon
USA-SDB,13,Crisulipora
USA-SDB,13,bal e
USA-SDB,13,styela-black
USA-SDB,14,amp tubes
USA-SDB,14,aplidium
USA-SDB,14,bal a
USA-SDB,14,bal e
USA-SDB,14,Bugula pacifica
USA-SDB,14,ccw
USA-SDB,14,ciona
USA-SDB,14,cw
USA-SDB,14,diplo list
USA-SDB,14,ebryo01-red
USA-SDB,14,ebryo02
USA-SDB,14,obelia
USA-SDB,14,perophora
USA-SDB,14,perophora
USA-SDB,14,plumularia
USA-SDB,14,polyandrocarpa
USA-SDB,14,styela clava
USA-SDB,14,salmacina
USA-SDB,15,ciona
USA-SDB,15,obelia
USA-SDB,15,botryllus sch
USA-SDB,15,styela clava
USA-SDB,15,Crisulipora
USA-SDB,15,botrylloides
USA-SDB,15,oyster
USA-SDB,15,Bugula pacifica
USA-SDB,15,cw
USA-SDB,15,ccw
USA-SDB,15,bal a
USA-SDB,15,metandocarpa
USA-SDB,15,spg-yellow
USA-SDB,15,salmacina
USA-SDB,15,ebryo01-red
USA-SDB,15,polyandrocarpa
USA-SDB,15,mytilis
USA-SDB,15,amp tubes
USA-SDB,15,styela-black
USA-SDB,16,diplo list
USA-SDB,16,ciona
USA-SDB,16,obelia
USA-SDB,16,salmacina
USA-SDB,16,amp tubes
USA-SDB,16,styela clava
USA-SDB,16,spg-yellow
USA-SDB,16,botryllus sch
USA-SDB,16,oyster
USA-SDB,16,cw
USA-SDB,16,ccw
USA-SDB,16,polyandrocarpa
USA-SDB,16,aplidium
USA-SDB,16,Bugula pacifica
USA-SDB,16,sycon
USA-SDB,16,metandocarpa
USA-SDB,16,ebryo01-red
USA-SDB,17,ebryo01-red
USA-SDB,17,diplo list
USA-SDB,17,Bugula pacifica
USA-SDB,17,ciona
USA-SDB,17,metandocarpa
USA-SDB,17,botrylloides
USA-SDB,17,botryllus sch
USA-SDB,17,obelia
USA-SDB,17,oyster
USA-SDB,17,cw
USA-SDB,17,ccw
USA-SDB,17,salmacina
USA-SDB,17,watersipora
USA-SDB,17,amp tubes
USA-SDB,17,polyandrocarpa
USA-SDB,17,Crisulipora
USA-SDB,17,sycon
USA-SDB,17,spg-yellow
USA-SDB,17,plumularia
USA-SDB,18,styela clava
USA-SDB,18,ciona
USA-SDB,18,diplo list
USA-SDB,18,spg-yellow
USA-SDB,18,obelia
USA-SDB,18,plumularia
USA-SDB,18,cw
USA-SDB,18,ccw
USA-SDB,18,salmacina
USA-SDB,18,amp tubes
USA-SDB,18,botryllus sch
USA-SDB,18,polyandrocarpa
USA-SDB,18,amp tubes
USA-SDB,18,metandocarpa
USA-SDB,18,microcosmus
USA-SDB,18,watersipora
USA-SDB,18,oyster
USA-SDB,18,styela-black
USA-SDB,18,ebryo01-red
USA-SDB,18,bal a
USA-SDB,18,perophora
USA-SDB,18,terebellid
USA-SDB,18,bal e
USA-SFB,1,diplo list
USA-SFB,1,didemnum-white
USA-SFB,1,bstolon
USA-SFB,1,distalpia
USA-SFB,1,bot viol
USA-SFB,1,amp tubes
USA-SFB,1,obelia
USA-SFB,1,ciona sav
USA-SFB,1,bot diag 2 colored
USA-SFB,1,cw
USA-SFB,2,polysiphonia
USA-SFB,2,bpacifica
USA-SFB,2,obelia
USA-SFB,2,bstolon
USA-SFB,2,botryllus sch
USA-SFB,2,ciona sav
USA-SFB,2,salmacina
USA-SFB,2,diplo list
USA-SFB,2,didemnum-white
USA-SFB,2,distalpia
USA-SFB,2,bal e
USA-SFB,2,bot diag 2 colored
USA-SFB,2,bner
USA-SFB,2,bot viol
USA-SFB,2,cw
USA-SFB,3,diplo list
USA-SFB,3,bpacifica
USA-SFB,3,bstolon
USA-SFB,3,ccw
USA-SFB,3,bot viol
USA-SFB,3,ciona sav
USA-SFB,3,distalpia
USA-SFB,3,didemnum-white
USA-SFB,3,watersipora
USA-SFB,3,bot diag 2 colored
USA-SFB,3,botryllus sch
USA-SFB,3,bner
USA-SFB,3,amp tubes
USA-SFB,4,didemnum-white
USA-SFB,4,bpacifica
USA-SFB,4,diplo list
USA-SFB,4,botryllus sch
USA-SFB,4,amp tubes
USA-SFB,4,obelia
USA-SFB,4,ccw
USA-SFB,4,bot diag 2 colored
USA-SFB,4,bstolon
USA-SFB,4,bner
USA-SFB,4,watersipora
USA-SFB,4,bot viol
USA-SFB,4,distalpia
USA-SFB,4,ciona sav
USA-SFB,4,spg-yellow
USA-SFB,5,Bner
USA-SFB,5,bot diag 2 colored
USA-SFB,5,bot viol
USA-SFB,5,botryllus sch
USA-SFB,5,bpacifica
USA-SFB,5,bstolon
USA-SFB,5,ccw
USA-SFB,5,ciona sav
USA-SFB,5,didemnum-white
USA-SFB,5,diplo list
USA-SFB,5,obelia
USA-SFB,5,watersipora
USA-SFB,5,conopeum
USA-SFB,6,bstolon
USA-SFB,6,didemnum-white
USA-SFB,6,ciona sav
USA-SFB,6,watersipora
USA-SFB,6,botryllus sch
USA-SFB,6,obelia
USA-SFB,6,bpacifica
USA-SFB,6,bot diag 2 colored
USA-SFB,6,bot viol
USA-SFB,6,diplo list
USA-SFB,6,amp tubes
USA-SFB,6,bner
USA-SFB,6,conopeum
USA-SFB,6,ccw
USA-SFB,6,distalpia
USA-SFB,6,schizo
USA-SFB,7,bot diag 2 colored
USA-SFB,7,bot viol
USA-SFB,7,didemnum-white
USA-SFB,7,bstolon
USA-SFB,7,ciona sav
USA-SFB,7,ccw
USA-SFB,7,bner
USA-SFB,7,polysiphonia
USA-SFB,7,botryllus sch
USA-SFB,7,diplo list
USA-SFB,8,bot diag 2 colored
USA-SFB,8,bot viol
USA-SFB,8,botryllus sch
USA-SFB,8,bstolon
USA-SFB,8,didemnum-white
USA-SFB,8,ciona sav
USA-SFB,8,obelia
USA-SFB,8,diplo list
USA-SFB,8,ccw
USA-SFB,8,bner
USA-SFB,8,bal e
USA-SFB,9,bstolon
USA-SFB,9,bner
USA-SFB,9,bot viol
USA-SFB,9,ciona sav
USA-SFB,9,ccw
USA-SFB,9,diplo list
USA-SFB,9,bot diag 2 colored
USA-SFB,9,botryllus sch
USA-SFB,9,obelia
USA-SFB,9,polysiphonia
USA-SFB,10,bstolon
USA-SFB,10,bot viol
USA-SFB,10,ciona sav
USA-SFB,10,didemnum-white
USA-SFB,10,bot diag 2 colored
USA-SFB,10,botryllus sch
USA-SFB,10,spg-yellow
USA-SFB,10,ascidia zara
USA-SFB,10,ccw
USA-SFB,10,bner
USA-SFB,10,watersipora
USA-SFB,10,sycon
USA-SFB,10,polysiphonia
USA-SFB,10,diplo list
USA-SFB,11,bstolon
USA-SFB,11,bot diag 2 colored
USA-SFB,11,bot viol
USA-SFB,11,botryllus sch
USA-SFB,11,ccw
USA-SFB,11,didemnum-white
USA-SFB,11,obelia
USA-SFB,11,diplo list
USA-SFB,11,bner
USA-SFB,11,amathia
USA-SFB,12,didemnum-white
USA-SFB,12,bot diag 2 colored
USA-SFB,12,diplo list
USA-SFB,12,bstolon
USA-SFB,12,ccw
USA-SFB,12,bal e
USA-SFB,12,bot viol
USA-SFB,12,ciona sav
USA-SFB,12,ci robusta
USA-SFB,12,bner
USA-SFB,12,polysiphonia
USA-SFB,12,sycon
USA-SFB,13,bstolon
USA-SFB,13,ciona sav
USA-SFB,13,bot viol
USA-SFB,13,obelia
USA-SFB,13,ccw
USA-SFB,13,amp tubes
USA-SFB,13,Bner
USA-SFB,13,ci robusta
USA-SFB,13,bpacifica
USA-SFB,13,bal e
USA-SFB,13,sycon
USA-SFB,13,bot diag 2 colored
USA-SFB,13,molgula
USA-SFB,13,watersipora
USA-SFB,13,polysiphonia
USA-SFB,14,bstolon
USA-SFB,14,bot diag 2 colored
USA-SFB,14,diplo list
USA-SFB,14,polysiphonia
USA-SFB,14,bot viol
USA-SFB,14,bner
USA-SFB,14,spg-yellow
USA-SFB,14,ciona sav
USA-SFB,14,cw
USA-SFB,14,ci robusta
USA-SFB,14,didemnum-white
USA-SFB,14,bal e
USA-SFB,14,ccw
USA-SFB,14,obelia
USA-SFB,14,botryllus sch
USA-SFB,14,amp tubes
USA-SFB,15,bner
USA-SFB,15,bstolon
USA-SFB,15,bot diag 2 colored
USA-SFB,15,bot viol
USA-SFB,15,diplo list
USA-SFB,15,didemnum-white
USA-SFB,15,amathia
USA-SFB,15,botryllus sch
USA-SFB,15,ccw
USA-SFB,15,ci robusta
USA-SFB,15,polysiphonia
USA-SFB,15,ciona sav
USA-SFB,15,amp tubes
USA-SFB,17,bner
USA-SFB,17,ciona sav
USA-SFB,17,didemnum-white
USA-SFB,17,bstolon
USA-SFB,17,ccw
USA-SFB,17,obelia
USA-SFB,17,bal e
USA-SFB,17,ci robusta
USA-SFB,17,polysiphonia
USA-SFB,17,amathia
USA-SFB,17,molgula
USA-SFB,17,distalpia
USA-SFB,17,watersipora
USA-SFB,18,bstolon
USA-SFB,18,bner
USA-SFB,18,bot diag 2 colored
USA-SFB,18,bot viol
USA-SFB,18,ccw
USA-SFB,18,ci robusta
USA-SFB,18,botryllus sch
USA-SFB,18,didemnum-white
USA-SFB,18,bal e
USA-SFB,18,ciona sav
USA-SFB,18,molgula
USA-SFB,18,polysiphonia
USA-SFB,18,watersipora
USA-SFB,18,sycon
USA-SFB,16,bot diag 2 colored
USA-SFB,16,bot viol
USA-SFB,16,botryllus sch
USA-SFB,16,bner
USA-SFB,16,ccw
USA-SFB,16,bstolon
USA-SFB,16,diplo list
USA-SFB,16,al
USA-SFB,16,bal e
USA-SFB,16,distalpia
USA-SFB,16,ciona sav
USA-SFB,16,didemnum-white
USA-TMA,1,bal e
USA-TMA,1,hydroides
USA-TMA,1,cw
USA-TMA,1,obelia
USA-TMA,1,victorella
USA-TMA,1,polydora
USA-TMA,2,victorella
USA-TMA,2,hydroides
USA-TMA,2,polydora
USA-TMA,2,cw
USA-TMA,2,obelia
USA-TMA,2,bal e
USA-TMA,3,victorella
USA-TMA,3,ce
USA-TMA,3,hydroides
USA-TMA,3,bal e
USA-TMA,3,obelia
USA-TMA,4,cw
USA-TMA,4,bal e
USA-TMA,4,victorella
USA-TMA,4,hydroides
USA-TMA,5,bal e
USA-TMA,5,cw
USA-TMA,5,victorella
USA-TMA,5,hydroides
USA-TMA,5,polydora
USA-TMA,6,bal e
USA-TMA,6,cw
USA-TMA,6,hydroides
USA-TMA,6,victorella
USA-TMA,6,polydora
USA-TMA,7,bal e
USA-TMA,7,hydroides
USA-TMA,7,victorella
USA-TMA,7,cw
USA-TMA,7,polydora
USA-TMA,7,ebryo01
USA-TMA,8,bal e
USA-TMA,8,hydroides
USA-TMA,8,polydora
USA-TMA,8,victorella
USA-TMA,8,cw
USA-TMA,8,obelia
USA-TMA,9,hydroides
USA-TMA,9,bal e
USA-TMA,9,victorella
USA-TMA,9,cw
USA-TMA,9,amp tubes
USA-TMA,10,bal e
USA-TMA,10,hydroides
USA-TMA,10,victorella
USA-TMA,10,oyster
USA-TMA,10,polydora
USA-TMA,11,hydroides
USA-TMA,11,victorella
USA-TMA,11,bal e
USA-TMA,11,polydora
USA-TMA,11,cw
USA-TMA,12,hydroides
USA-TMA,12,victorella
USA-TMA,12,bal e
USA-TMA,12,polydora
USA-TMA,12,cw
USA-TMA,13,bal e
USA-TMA,13,hydroides
USA-TMA,13,polydora
USA-TMA,13,victorella
USA-TMA,13,cw
USA-TMA,13,ebryo01
USA-TMA,14,hydroides
USA-TMA,14,bal e
USA-TMA,14,victorella
USA-TMA,14,ebryo01
USA-TMA,14,polydora
USA-TMA,14,cw
USA-TMA,15,bal e
USA-TMA,15,hydroides
USA-TMA,15,victorella
USA-TMA,15,polydora
USA-TMA,15,cw
USA-TMA,16,hydroides
USA-TMA,16,bal e
USA-TMA,16,victorella
USA-TMA,16,polydora
USA-TMA,16,cw
USA-TMA,17,bal e
USA-TMA,17,hydroides
USA-TMA,17,victorella
USA-TMA,17,cw
USA-TMA,17,obelia
USA-TMA,17,polydora
USA-TMA,18,bal e
USA-TMA,18,hydroides
USA-TMA,18,polydora
USA-TMA,18,cw
USA-TMA,18,victorella
USA-VAS,1,hydroides
USA-VAS,1,ecteinascidia
USA-VAS,1,bner
USA-VAS,1,bstolon
USA-VAS,1,oyster
USA-VAS,1,amp tubes
USA-VAS,2,bal e
USA-VAS,2,bner
USA-VAS,2,hydroides
USA-VAS,2,bstolon
USA-VAS,2,ecteinascidia
USA-VAS,2,spg-yellow
USA-VAS,2,perophora
USA-VAS,3,hydroides
USA-VAS,3,bner
USA-VAS,3,bstolon
USA-VAS,3,ecteinascidia
USA-VAS,3,spg-yellow
USA-VAS,3,molgula
USA-VAS,3,anomia
USA-VAS,3,perophora
USA-VAS,4,bner
USA-VAS,4,hydroides
USA-VAS,4,bal e
USA-VAS,4,spg-yellow
USA-VAS,4,amp tubes
USA-VAS,4,styela plicata
USA-VAS,4,bstolon
USA-VAS,4,anomia
USA-VAS,4,perophora
USA-VAS,4,molgula
USA-VAS,5,bner
USA-VAS,5,microciona
USA-VAS,5,bal e
USA-VAS,5,hydroides
USA-VAS,5,obelia
USA-VAS,6,bner
USA-VAS,6,bal e
USA-VAS,6,hydroides
USA-VAS,6,obelia
USA-VAS,6,bstolon
USA-VAS,6,spg-yellow
USA-VAS,6,perophora
USA-VAS,6,ecteinascidia
USA-VAS,6,anomia
USA-VAS,6,amp tubes
USA-VAS,7,ecteinascidia
USA-VAS,7,bstolon
USA-VAS,7,bner
USA-VAS,7,hydroides
USA-VAS,7,spg-yellow
USA-VAS,7,styela plicata
USA-VAS,7,bal e
USA-VAS,7,perophora
USA-VAS,8,styela plicata
USA-VAS,8,bner
USA-VAS,8,ecteinascidia
USA-VAS,8,hydroides
USA-VAS,8,bal e
USA-VAS,9,perophora
USA-VAS,9,bner
USA-VAS,9,hydroides
USA-VAS,9,ecteinascidia
USA-VAS,9,amp tubes
USA-VAS,9,styela plicata
USA-VAS,9,bstolon
USA-VAS,9,sabellid
USA-VAS,9,bal e
USA-VAS,10,bner
USA-VAS,10,ecteinascidia
USA-VAS,10,styela plicata
USA-VAS,10,bal e
USA-VAS,10,hydroides
USA-VAS,10,sabellid
USA-VAS,10,bstolon
USA-VAS,11,styela plicata
USA-VAS,11,hydroides
USA-VAS,11,ecteinascidia
USA-VAS,11,bner
USA-VAS,11,sabellid
USA-VAS,11,bstolon
USA-VAS,11,molgula
USA-VAS,11,perophora
USA-VAS,11,bal e
USA-VAS,12,bner
USA-VAS,12,ecteinascidia
USA-VAS,12,bstolon
USA-VAS,12,sabellid
USA-VAS,12,styela plicata
USA-VAS,12,hydroides
USA-VAS,13,ecteinascidia
USA-VAS,13,bner
USA-VAS,13,bstolon
USA-VAS,13,styela plicata
USA-VAS,13,hydroides
USA-VAS,13,spg-yellow
USA-VAS,13,amp tubes
USA-VAS,14,ecteinascidia
USA-VAS,14,bstolon
USA-VAS,14,bner
USA-VAS,14,hydroides
USA-VAS,14,perophora
USA-VAS,14,anemone
USA-VAS,14,sabellid
USA-VAS,14,styela plicata
USA-VAS,14,bal e
USA-VAS,15,perophora
USA-VAS,15,obelia
USA-VAS,15,bner
USA-VAS,15,ecteinascidia
USA-VAS,15,hydroides
USA-VAS,15,styela plicata
USA-VAS,15,amp tubes
USA-VAS,15,sabellid
USA-VAS,16,bner
USA-VAS,16,styela plicata
USA-VAS,16,ecteinascidia
USA-VAS,16,perophora
USA-VAS,16,hydroides
USA-VAS,16,amp tubes
USA-VAS,16,bstolon
USA-VAS,16,bal e
USA-VAS,17,ecteinascidia
USA-VAS,17,bner
USA-VAS,17,perophora
USA-VAS,17,bstolon
USA-VAS,17,styela plicata
USA-VAS,17,hydroides
USA-VAS,17,bal e
USA-VAS,17,sabellid
USA-VAS,18,styela plicata
USA-VAS,18,ecteinascidia
USA-VAS,18,bner
USA-VAS,18,bal e
USA-VAS,18,amp tubes
USA-VAS,18,perophora
USA-VAS,18,hydroides
USA-WAS,1,Obelia
USA-WAS,2,Obelia
USA-WAS,3,Obelia
USA-WAS,4,Obelia
USA-WAS,5,Corella
USA-WAS,5,Obelia
USA-WAS,6,Obelia
USA-WAS,7,Obelia
USA-WAS,7,Balanus glandula
USA-WAS,8,ebryo01
USA-WAS,8,Obelia
USA-WAS,8,Corella
USA-WAS,9,Obelia
USA-WAS,10,Obelia
USA-WAS,11,Obelia
USA-WAS,11,cw
USA-WAS,12,Obelia
USA-WAS,12,Corella
USA-WAS,13,Obelia
USA-WAS,13,Balanus glandula
USA-WAS,14,Obelia
USA-WAS,14,cw
USA-WAS,14,Mytilus
USA-WAS,15,Obelia
USA-WAS,15,cw
USA-WAS,16,Obelia
USA-WAS,16,cw
USA-WAS,16,Balanus glandula
USA-WAS,17,Obelia
USA-WAS,17,Balanus glandula
USA-WAS,17,cw
USA-WAS,17,Corella
USA-WAS,18,Obelia
USA-WAS,18,cw
USA-WAS,18,Balanus glandula
CAN-BCQ,1,Mytilus tr
CAN-BCQ,1,Obelia 
CAN-BCQ,1,amp tube
CAN-BCQ,1,balanus glandula
CAN-BCQ,1,Botrylloides vio
CAN-BCQ,2,Schizoporlla japonica
CAN-BCQ,2,Obelia 
CAN-BCQ,2,Mytilus tr
CAN-BCQ,3,Obelia 
CAN-BCQ,3,balanus glandula
CAN-BCQ,3,Membranipora mem
CAN-BCQ,3,cw
CAN-BCQ,3,Botryllus sch
CAN-BCQ,3,Botrylloides vio
CAN-BCQ,4,Cruigera
CAN-BCQ,4,balanus glandula
CAN-BCQ,4,Mytilus tr
CAN-BCQ,4,Obelia 
CAN-BCQ,4,Schizoporlla japonica
CAN-BCQ,5,Botrylloides vio
CAN-BCQ,5,Obelia 
CAN-BCQ,6,balanus glandula
CAN-BCQ,6,Schizoporlla japonica
CAN-BCQ,6,Mytilus tr
CAN-BCQ,6,Obelia 
CAN-BCQ,6,Botrylloides vio
CAN-BCQ,7,Obelia 
CAN-BCQ,7,Metridium
CAN-BCQ,7,ccw
CAN-BCQ,7,Schizoporlla japonica
CAN-BCQ,7,Cruigera
CAN-BCQ,7,cw
CAN-BCQ,7,Membranipora mem
CAN-BCQ,8,Obelia 
CAN-BCQ,8,ccw
CAN-BCQ,8,Membranipora mem
CAN-BCQ,8,Cruigera
CAN-BCQ,8,Schizoporlla japonica
CAN-BCQ,8,Metridium
CAN-BCQ,8,balanus glandula
CAN-BCQ,8,Botryllus sch
CAN-BCQ,8,Botrylloides vio
CAN-BCQ,9,Schizoporlla japonica
CAN-BCQ,9,cw
CAN-BCQ,9,Obelia 
CAN-BCQ,9,Tenellia
CAN-BCQ,9,Distaplia occidentalis
CAN-BCQ,9,Botryllus sch
CAN-BCQ,9,Cruigera
CAN-BCQ,9,Membranipora mem
CAN-BCQ,9,ccw
CAN-BCQ,9,Metridium
CAN-BCQ,9,Botrylloides vio
CAN-BCQ,10,Botryllus sch
CAN-BCQ,10,Schizoporlla japonica
CAN-BCQ,10,balanus glandula
CAN-BCQ,10,Cruigera
CAN-BCQ,10,Obelia 
CAN-BCQ,10,ccw
CAN-BCQ,10,Botrylloides vio
CAN-BCQ,11,Schizoporlla japonica
CAN-BCQ,11,Botrylloides vio
CAN-BCQ,11,Botryllus sch
CAN-BCQ,11,Obelia 
CAN-BCQ,11,balanus glandula
CAN-BCQ,11,amp tube
CAN-BCQ,11,Membranipora mem
CAN-BCQ,11,Cruigera
CAN-BCQ,11,ccw
CAN-BCQ,11,Mytilus tr
CAN-BCQ,11,cw
CAN-BCQ,12,Botrylloides vio
CAN-BCQ,12,Schizoporlla japonica
CAN-BCQ,12,Botryllus sch
CAN-BCQ,12,ccw
CAN-BCQ,12,balanus glandula
CAN-BCQ,12,Obelia 
CAN-BCQ,13,Cruigera
CAN-BCQ,13,Botrylloides vio
CAN-BCQ,13,Botryllus sch
CAN-BCQ,13,Schizoporlla japonica
CAN-BCQ,13,Obelia 
CAN-BCQ,13,Membranipora mem
CAN-BCQ,13,balanus glandula
CAN-BCQ,14,Botrylloides vio
CAN-BCQ,14,Botryllus sch
CAN-BCQ,14,Obelia 
CAN-BCQ,14,Cruigera
CAN-BCQ,15,Botrylloides vio
CAN-BCQ,15,Botryllus sch
CAN-BCQ,15,Obelia 
CAN-BCQ,15,Membranipora mem
CAN-BCQ,15,Schizoporlla japonica
CAN-BCQ,15,Cruigera
CAN-BCQ,15,Mytilus tr
CAN-BCQ,15,ccw
CAN-BCQ,15,balanus glandula
CAN-BCQ,16,Botryllus sch
CAN-BCQ,16,Schizoporlla japonica
CAN-BCQ,16,balanus glandula
CAN-BCQ,16,Obelia 
CAN-BCQ,16,Botrylloides vio
CAN-BCQ,17,Schizoporlla japonica
CAN-BCQ,17,Botrylloides vio
CAN-BCQ,17,Botryllus sch
CAN-BCQ,17,Cruigera
CAN-BCQ,17,ccw
CAN-BCQ,17,Mytilus tr
CAN-BCQ,17,Obelia 
CAN-BCQ,17,Bugula stolonifera
CAN-BCQ,17,Membranipora mem
CAN-BCQ,17,Metridium
CAN-BCQ,18,Botryllus sch
CAN-BCQ,18,Botrylloides vio
CAN-BCQ,18,Schizoporlla japonica
CAN-BCQ,18,corella inflata
CAN-BCQ,18,Cruigera
CAN-BCQ,18,Obelia 
CAN-BCQ,18,Membranipora mem
PAN-BDT,1,Phallusia nigra
PAN-BDT,1,Anomia simplex
PAN-BDT,1,Lissoclinum abo
PAN-BDT,1,ccw
PAN-BDT,1,salmacina
PAN-BDT,1,Perophora vir
PAN-BDT,1,cw
PAN-BDT,1,obelia
PAN-BDT,1,sabellid 01
PAN-BDT,1,eustyela
PAN-BDT,1, sponge-yellow
PAN-BDT,1,Ascidia syn
PAN-BDT,1,oyster
PAN-BDT,1,sponge-white
PAN-BDT,1,Amphibalanus ebur
PAN-BDT,2,oyster
PAN-BDT,2,obelia
PAN-BDT,2,anomone-white
PAN-BDT,2,schizoporlla pungens
PAN-BDT,2,Did ps
PAN-BDT,2,ccw
PAN-BDT,2,salmacina
PAN-BDT,2,red recuits
PAN-BDT,2,Hydroides
PAN-BDT,2,Ascidia interupta
PAN-BDT,2,Ascidia syn
PAN-BDT,2,cw
PAN-BDT,2,Bryo-encrust
PAN-BDT,2,Ecteinascidia tur
PAN-BDT,2,Phallusia nigra
PAN-BDT,2,Amphibalanus ebur
PAN-BDT,2,sponge-yellow
PAN-BDT,2,sponge-orange
PAN-BDT,3,Did ps
PAN-BDT,3,salmacina
PAN-BDT,3,ccw
PAN-BDT,3,Hydroides
PAN-BDT,3,schizoporlla pungens
PAN-BDT,3,cw
PAN-BDT,3,obelia
PAN-BDT,3,Lissoclinum abo
PAN-BDT,3,red recuits
PAN-BDT,3,Phallusia nigra
PAN-BDT,3,sponge-orange
PAN-BDT,3,sabellid 01
PAN-BDT,4,Bryo-encrust
PAN-BDT,4,obelia
PAN-BDT,4,Phallusia nigra
PAN-BDT,4,red recuits
PAN-BDT,4,Ascidia syn
PAN-BDT,4,Perophora vir
PAN-BDT,4,Ecteinascidia tur
PAN-BDT,4,cw
PAN-BDT,4,ccw
PAN-BDT,4,Lissoclinum abo
PAN-BDT,4,salmacina
PAN-BDT,4,Ascidia syn
PAN-BDT,4,Amphibalanus ebur
PAN-BDT,4,eustyela
PAN-BDT,4,oyster
PAN-BDT,4,Ascidia interupta
PAN-BDT,4,Ascidia-clear
PAN-BDT,4,sponge-yellow
PAN-BDT,5,Did ps
PAN-BDT,5,Phallusia nigra
PAN-BDT,5,ccw
PAN-BDT,5,cw
PAN-BDT,5,salmacina
PAN-BDT,5,Ascidia interupta
PAN-BDT,5,diplo list
PAN-BDT,5,Perophora vir
PAN-BDT,5,Amphibalanus ebur
PAN-BDT,5,sabellid 01
PAN-BDT,5,red recuits
PAN-BDT,5,obelia
PAN-BDT,5,oyster
PAN-BDT,5,white clam
PAN-BDT,6,salmacina
PAN-BDT,6,Hydroides
PAN-BDT,6,Did ps
PAN-BDT,6,Phallusia nigra
PAN-BDT,6,Amphibalanus ebur
PAN-BDT,6,red recuits
PAN-BDT,6,eustyela
PAN-BDT,6,cw
PAN-BDT,6,ccw
PAN-BDT,6,obelia
PAN-BDT,6,Ascidia interupta
PAN-BDT,6,diplo list
PAN-BDT,6,sponge-orange
PAN-BDT,6,oyster
PAN-BDT,6,sponge-yellow
PAN-BDT,7,Pinctada
PAN-BDT,7,salmacina
PAN-BDT,7,cw
PAN-BDT,7,ccw
PAN-BDT,7,Perophora vir
PAN-BDT,7,Amphibalanus ebur
PAN-BDT,7,obelia
PAN-BDT,7,Pteria
PAN-BDT,7,Styela plicata
PAN-BDT,7,eustyela
PAN-BDT,7,sponge-brown
PAN-BDT,7,Ascidia syn
PAN-BDT,7,sponge-dendritic
PAN-BDT,7,sabellid 01
PAN-BDT,7,Hydroides
PAN-BDT,7,sponge-purple
PAN-BDT,8,Vermicula
PAN-BDT,8,Ascidia interupta
PAN-BDT,8,Did ps
PAN-BDT,8,Hydroides
PAN-BDT,8,Amphibalanus ebur
PAN-BDT,8,obelia
PAN-BDT,8,ccw
PAN-BDT,8,cw
PAN-BDT,8,schizoporlla pungens
PAN-BDT,8,oyster
PAN-BDT,8,sabellid 01
PAN-BDT,8,Ascidia-clear
PAN-BDT,8,sponge-green
PAN-BDT,8,Styela plicata
PAN-BDT,8,diplo list
PAN-BDT,8,eustyela
PAN-BDT,8,sponge-yellow
PAN-BDT,9,oyster
PAN-BDT,9,Anomia simplex
PAN-BDT,9,cw
PAN-BDT,9,ccw
PAN-BDT,9,obelia
PAN-BDT,9,mycale
PAN-BDT,9,Styela plicata
PAN-BDT,9,schizoporlla pungens
PAN-BDT,9,Phallusia nigra
PAN-BDT,9,eustyela
PAN-BDT,9,Perophora vir
PAN-BDT,9,Did ps
PAN-BDT,9,anomone-white
PAN-BDT,9,sabellid 01
PAN-BDT,9,cw-sculpt
PAN-BDT,9,sponge-orange
PAN-BDT,9,Ascidia syn
PAN-BDT,9,Hydroides
PAN-BDT,9,sponge-yellow
PAN-BDT,9,sponge-dendritic
PAN-BDT,9,Pinctada
PAN-BDT,9,Bryo-encrust
PAN-BDT,9,Did-white
PAN-BDT,9,amp tubes
PAN-BDT,10,Did ps
PAN-BDT,10,Anomia simplex
PAN-BDT,10,obelia
PAN-BDT,10,sabellid 01
PAN-BDT,10,Hydroides
PAN-BDT,10,cw
PAN-BDT,10,ccw
PAN-BDT,10,Styela plicata
PAN-BDT,10,Pinctada
PAN-BDT,10,obelia
PAN-BDT,10,Amphibalanus ebur
PAN-BDT,10,salmacina
PAN-BDT,10,Lissoclinum abo
PAN-BDT,10,Phallusia nigra
PAN-BDT,10,Celleporaria
PAN-BDT,10,sponge-yellow
PAN-BDT,10,sponge-dendritic
PAN-BDT,10,mycale
PAN-BDT,10,sponge-orange
PAN-BDT,10,Ascidia interupta
PAN-BDT,10,eustyela
PAN-BDT,11,Did ps
PAN-BDT,11,eustyela
PAN-BDT,11,obelia
PAN-BDT,11,cw
PAN-BDT,11,ccw
PAN-BDT,11,salmacina
PAN-BDT,11,Styela plicata
PAN-BDT,11,mycale
PAN-BDT,11,Anomia simplex
PAN-BDT,11,sponge-black
PAN-BDT,11,Pteria
PAN-BDT,11,Amphibalanus ebur
PAN-BDT,11,sponge-orange
PAN-BDT,11,Styela canopus
PAN-BDT,11,Pinctada
PAN-BDT,11,Ascidia interupta
PAN-BDT,11,oyster
PAN-BDT,11,oyster02
PAN-BDT,11,amp tubes
PAN-BDT,11,sponge-yellow
PAN-BDT,11,sabellid 01
PAN-BDT,11,sponge-dendritic
PAN-BDT,11,Hydroides
PAN-BDT,11,bower
PAN-BDT,11,anemone-white
PAN-BDT,12,obelia
PAN-BDT,12,Pinctada
PAN-BDT,12,oyster
PAN-BDT,12,sabellid 01
PAN-BDT,12,Styela canopus
PAN-BDT,12,Amphibalanus ebur
PAN-BDT,12,Did ps
PAN-BDT,12,Celleporaria
PAN-BDT,12,ccw
PAN-BDT,12,cw
PAN-BDT,12,Styela plicata
PAN-BDT,12,Hydroides
PAN-BDT,12,Ascidia interupta
PAN-BDT,12,Ascidia-clear
PAN-BDT,12,Pteria
PAN-BDT,12,salmacina
PAN-BDT,12,sponge-orange
PAN-BDT,12,sponge-yellow
PAN-BDT,12,sabellid 01
PAN-BDT,12,schizoporlla pungens
PAN-BDT,12,sponge-dendritic
PAN-BDT,12,amp tubes
PAN-BDT,12,sponge-green
PAN-BDT,12,sponge-white
PAN-BDT,13,Pinctada
PAN-BDT,13,Phallusia nigra
PAN-BDT,13,Styela plicata
PAN-BDT,13,Did ps
PAN-BDT,13,col-asc 01
PAN-BDT,13,eustyela
PAN-BDT,13,salmacina
PAN-BDT,13,sabellid 01
PAN-BDT,13,Ascidia interupta
PAN-BDT,13,sponge-dendritic
PAN-BDT,13,cw
PAN-BDT,13,ccw
PAN-BDT,13,schizoporlla pungens
PAN-BDT,13,bower
PAN-BDT,13,Ascidia-dark inside
PAN-BDT,13,sponge-green
PAN-BDT,13,oyster
PAN-BDT,13,Hydroides
PAN-BDT,14,Phallusia nigra
PAN-BDT,14,obelia
PAN-BDT,14,schizoporlla pungens
PAN-BDT,14,Microcosmus
PAN-BDT,14,Did ps
PAN-BDT,14,cw
PAN-BDT,14,ccw
PAN-BDT,14,sabellid 01
PAN-BDT,14,Amphibalanus ebur
PAN-BDT,14,Hydroides
PAN-BDT,14,diplo list
PAN-BDT,14,oyster
PAN-BDT,14,salmacina
PAN-BDT,14,Ascidia syn
PAN-BDT,14,sponge-yellow
PAN-BDT,14,Pinctada
PAN-BDT,14,eustyela
PAN-BDT,14,sponge-dendritic
PAN-BDT,15,schizoporlla pungens
PAN-BDT,15,Did ps
PAN-BDT,15,obelia
PAN-BDT,15,Hydroides
PAN-BDT,15,Styela plicata
PAN-BDT,15,Ascidia interupta
PAN-BDT,15,Phallusia nigra
PAN-BDT,15,sponge-dendritic
PAN-BDT,15,cw
PAN-BDT,15,ccw
PAN-BDT,15,Amphibalanus ebur
PAN-BDT,15,mycale
PAN-BDT,15,sponge-green
PAN-BDT,15,Pteria
PAN-BDT,15,Pinctada
PAN-BDT,15,Styela canopus
PAN-BDT,15,sabellid 01
PAN-BDT,16,cw
PAN-BDT,16,ccw
PAN-BDT,16,salmacina
PAN-BDT,16,schizoporlla pungens
PAN-BDT,16,obelia
PAN-BDT,16,Hydroides
PAN-BDT,16,sponge-yellow
PAN-BDT,16,sponge-green
PAN-BDT,16,eustyela
PAN-BDT,16,Did ps
PAN-BDT,16,fish eggs
PAN-BDT,16,Anomia simplex
PAN-BDT,16,Phallusia nigra
PAN-BDT,16,bower
PAN-BDT,16,Ascidia-clear
PAN-BDT,16,sponge-orange
POR-MAD,1,amp tubes
POR-MAD,1,Spirobranchus
POR-MAD,1,Crabo berth
POR-MAD,1,ccw
POR-MAD,1,Botrylloides niger
POR-MAD,1,Bugulina
POR-MAD,1,obelia
POR-MAD,1,crisia
POR-MAD,2,Spirobranchus
POR-MAD,2,ccw
POR-MAD,2,Crabo berth
POR-MAD,2,mycale
POR-MAD,2,parasmittina
POR-MAD,2,amp tubes
POR-MAD,2,diplo list
POR-MAD,2,Bugulina
POR-MAD,2,cw
POR-MAD,3,Spirobranchus
POR-MAD,3,Crabo berth
POR-MAD,3,Botrylloides niger
POR-MAD,3,Bugulina
POR-MAD,3,b ner
POR-MAD,3,obelia
POR-MAD,3,crisia
POR-MAD,3,diplo list
POR-MAD,3,cw
POR-MAD,3,ccw
POR-MAD,4,mycale
POR-MAD,4,Bugulina
POR-MAD,4,Crabo berth
POR-MAD,4,diplo list
POR-MAD,4,Spirobranchus
POR-MAD,4,ccw
POR-MAD,4,b ner
POR-MAD,4,Botrylloides niger
POR-MAD,4,amp tubes
POR-MAD,5,amp tubes
POR-MAD,5,ccw
POR-MAD,5,Spirobranchus
POR-MAD,5,diplo list
POR-MAD,5,mycale
POR-MAD,5,watersip
POR-MAD,5,Crabo berth
POR-MAD,5,botyllus-orange
POR-MAD,5,parasmittina
POR-MAD,6,amp tubes
POR-MAD,6,ccw
POR-MAD,6,watersip
POR-MAD,6,Botrylloides niger
POR-MAD,6,Spirobranchus
POR-MAD,6,Crabo berth
POR-MAD,6,mycale
POR-MAD,6,diplo list
POR-MAD,6,parasmittina
POR-MAD,6,cw
POR-MAD,7,amp tubes
POR-MAD,7,cw
POR-MAD,7,ccw
POR-MAD,7,Spirobranchus
POR-MAD,7,watersip
POR-MAD,7,parasmittina
POR-MAD,7,diplo list
POR-MAD,7,mycale
POR-MAD,7,salmacina
POR-MAD,7,Botrylloides niger
POR-MAD,8,b ner
POR-MAD,8,diplo list
POR-MAD,8,Bugulina
POR-MAD,8,botyllus-orange
POR-MAD,8,Spirobranchus
POR-MAD,8,ccw
POR-MAD,8,watersip
POR-MAD,8,Crabo berth
POR-MAD,8,amp tubes
POR-MAD,8,Mycale
POR-MAD,8,parasmittina
POR-MAD,8,salmacina
POR-MAD,8,Tricellaria
POR-MAD,9,Tricellaria
POR-MAD,9,b ner
POR-MAD,9,ccw
POR-MAD,9,cw
POR-MAD,9,Spirobranchus
POR-MAD,9,Crabo berth
POR-MAD,9,mycale
POR-MAD,9,watersip
POR-MAD,9,salmacina
POR-MAD,9,parasmittina
POR-MAD,9,diplo list
POR-MAD,9,botyllus-orange
POR-MAD,9,Botrylloides niger
POR-MAD,9,Bugulina
POR-MAD,9,obelia
POR-MAD,9,Tricellaria
POR-MAD,9,amp tubes
POR-MAD,10,botyllus-orange
POR-MAD,10,b ner
POR-MAD,10,cr
POR-MAD,10,diplo list
POR-MAD,10,Spirobranchus
POR-MAD,10,ccw
POR-MAD,10,cw
POR-MAD,10,watersip
POR-MAD,10,amp tubes
POR-MAD,10,Crabo berth
POR-MAD,10,Schizoporella
POR-MAD,10,Botrylloides niger
POR-MAD,10,salmacina
POR-MAD,10,parasmittina
POR-MAD,10,Didemnum-black
POR-MAD,10,Tricellaria
POR-MAD,10,mycale
POR-MAD,11,diplo list
POR-MAD,11,Spirobranchus
POR-MAD,11,Schizoporella
POR-MAD,11,b ner
POR-MAD,11,amp tubes
POR-MAD,11,Crabo berth
POR-MAD,11,mycale
POR-MAD,11,parasmittina
POR-MAD,11,Aetea
POR-MAD,11,Botrylloides niger
POR-MAD,11,obelia
POR-MAD,11,cw
POR-MAD,11,ccw
POR-MAD,11,crisia
POR-MAD,11,salmacina
POR-MAD,12,diplo list
POR-MAD,12,Spirobranchus
POR-MAD,12,ccw
POR-MAD,12,cw
POR-MAD,12,amp tubes
POR-MAD,12,salmacina
POR-MAD,12,Botrylloides niger
POR-MAD,12,parasmittina
POR-MAD,12,botyllus-orange
POR-MAD,12,b ner
POR-MAD,12,obelia
POR-MAD,13,mycale
POR-MAD,13,Spirobranchus
POR-MAD,13,cw
POR-MAD,13,ccw
POR-MAD,13,Sycon
POR-MAD,13,Botyllus sch
POR-MAD,13,Celleporaria
POR-MAD,13,salmacina
POR-MAD,13,amp tubes
POR-MAD,13,parasmittina
POR-MAD,13,Didemnum-black
POR-MAD,13,Crabo berth
POR-MAD,13,Sabellid
POR-MAD,13,diplo list
POR-MAD,13,obelia
POR-MAD,13,Botrylloides niger
POR-MAD,13,Didemnum-black
POR-MAD,14,parasmittina
POR-MAD,14,Crabo berth
POR-MAD,14,salmacina
POR-MAD,14,Spirobranchus
POR-MAD,14,cw
POR-MAD,14,ccw
POR-MAD,14,Tricellaria
POR-MAD,14,mycale
POR-MAD,14,Sycon
POR-MAD,14,amp tubes
POR-MAD,14,crisia
POR-MAD,14,obelia
POR-MAD,14,botyllus-orange
POR-MAD,14,Botrylloides niger
POR-MAD,14,Sabellid
POR-MAD,14,Celleporaria
POR-MAD,15,diplo list
POR-MAD,15,Didemnum-black
POR-MAD,15,watersip
POR-MAD,15,Tricellaria
POR-MAD,15,Spirobranchus
POR-MAD,15,ccw
POR-MAD,15,salmacina
POR-MAD,15,crad
POR-MAD,15,Celleporaria
POR-MAD,15,amp tubes
POR-MAD,15,Botrylloides niger
POR-MAD,15,Sycon
POR-MAD,15,cw
POR-MAD,15,Crabo berth
POR-MAD,15,Sabellid
POR-MAD,15,Schizoporella
POR-MAD,15,obelia
POR-MAD,15,crisia
POR-MAD,15,mycale
POR-MAD,16,Spirobranchus
POR-MAD,16,Crabo berth
POR-MAD,16,cw
POR-MAD,16,ccw
POR-MAD,16,diplo list
POR-MAD,16,b ner
POR-MAD,16,parasmittina
POR-MAD,16,Sabellid
POR-MAD,16,mycale
POR-MAD,16,Botrylloides niger
POR-MAD,16,Didemnum-black
POR-MAD,16,obelia
POR-MAD,16,parasmittina
POR-MAD,16,amp tubes
POR-MAD,16,Sycon
POR-MAD,16,Schizoporella
POR-MAD,17,salmacina
POR-MAD,17,cw
POR-MAD,17,ccw
POR-MAD,17,diplo list
POR-MAD,17,Spirobranchus
POR-MAD,17,Tricellaria
POR-MAD,17,obelia
POR-MAD,17,Crabo berth
POR-MAD,17,crisia
POR-MAD,17,Mycale
POR-MAD,17,salmacina
POR-MAD,17,Sabellid
POR-MAD,17,Didemnum-black
POR-MAD,17,Botrylloides niger
POR-MAD,17,Tricellaria
POR-MAD,17,parasmittina
POR-MAD,17,watersip
POR-MAD,17,Sycon
POR-MAD,18,diplo list
POR-MAD,18,Didemnum-black
POR-MAD,18,salmacina
POR-MAD,18,Spirobranchus
POR-MAD,18,cw
POR-MAD,18,ccw
POR-MAD,18,watersip
POR-MAD,18,Celleporaria
POR-MAD,18,obelia
POR-MAD,18,Sabellid
POR-MAD,18,Crabo berth
POR-MAD,18,Botrylloides niger
POR-MAD,18,Sycon
POR-MAD,18,amp tubes
POR-MAD,18,crisia
POR-MAD,18,Schizoporella
USA-ALD,1,Victorella pavida
USA-ALD,1,Amphibalanus eburneus
USA-ALD,2,Victorella pavida
USA-ALD,2,Amphibalanus eburneus
USA-ALD,3,Victorella pavida
USA-ALD,3,Amphibalanus eburneus
USA-ALD,3,Obelia
USA-ALD,4,Victorella pavida
USA-ALD,4,Amphibalanus eburneus
USA-ALD,4,Polydora cornuta
USA-ALD,5,Victorella pavida
USA-ALD,5,Amphibalanus eburneus
USA-ALD,5,Obelia
USA-ALD,5,Polydora cornuta
USA-ALD,6,Victorella pavida
USA-ALD,6,Amphibalanus eburneus
USA-ALD,7,Victorella pavida
USA-ALD,7,Amphibalanus eburneus
USA-ALD,7,amp tubes
USA-ALD,8,Victorella pavida
USA-ALD,8,Amphibalanus eburneus
USA-ALD,9,Victorella pavida
USA-ALD,9,Amphibalanus eburneus
USA-ALD,10,Amphibalanus eburneus
USA-ALD,10,Victorella pavida
USA-ALD,10,Obelia
USA-ALD,11,Victorella pavida
USA-ALD,11,Obelia
USA-ALD,12,Victorella pavida
USA-ALD,12,Amphibalanus eburneus
USA-ALD,12,Obelia
USA-ALD,13,Amphibalanus eburneus
USA-ALD,13,Victorella pavida
USA-ALD,14,Victorella pavida
USA-ALD,14,Amphibalanus eburneus
USA-ALD,15,Amphibalanus eburneus
USA-ALD,15,Victorella pavida
USA-ALD,16,Victorella pavida
USA-ALD,16,Amphibalanus eburneus
USA-ALD,16,Obelia
USA-ALD,17,Amphibalanus eburneus
USA-ALD,17,Victorella pavida
USA-ALD,17,amp tubes
USA-ALD,18,Victorella pavida
USA-ALD,18,Amphibalanus eburneus
USA-CBB,1,Bner
USA-CBB,1,Watersip
USA-CBB,1,Obelia
USA-CBB,1,Balanus
USA-CBB,1,Distaplia
USA-CBB,2,Bner
USA-CBB,2,Watersip
USA-CBB,2,Ascidia ceretodes
USA-CBB,2,Obelia
USA-CBB,2,Distaplia
USA-CBB,2,Botryllus viol
USA-CBB,2,Balanus
USA-CBB,3,Did vex
USA-CBB,3,Botrylloides 
USA-CBB,3,Watersip
USA-CBB,3,Bner
USA-CBB,3,ccw
USA-CBB,3,Botryllus viol
USA-CBB,3,Obelia
USA-CBB,4,Watersip
USA-CBB,4,Bner
USA-CBB,4,Botrylloides 
USA-CBB,4,Diplo list
USA-CBB,4,Distaplia
USA-CBB,4,Obelia
USA-CBB,4,ccw
USA-CBB,4,Balanus
USA-CBB,4,Botryllus viol
USA-CBB,5,Bner
USA-CBB,5,ccw
USA-CBB,5,Botrylloides 
USA-CBB,5,Botryllus viol
USA-CBB,5,Watersip
USA-CBB,5,Obelia
USA-CBB,5,Balanus
USA-CBB,5,Distaplia
USA-CBB,5,Diplo list
USA-CBB,6,Did vex
USA-CBB,6,Distaplia
USA-CBB,6,Botrylloides 
USA-CBB,6,Obelia
USA-CBB,6,Watersip
USA-CBB,6,ccw
USA-CBB,6,Botryllus viol
USA-CBB,6,Bner
USA-CBB,7,Distaplia
USA-CBB,7,Bner
USA-CBB,7,Obelia
USA-CBB,7,Perophora annectens
USA-CBB,7,Bcal
USA-CBB,7,Amathia gracilis
USA-CBB,7,ccw
USA-CBB,7,Botrylloides 
USA-CBB,7,Lichenopora
USA-CBB,7,Watersip
USA-CBB,8,Bner
USA-CBB,8,Distaplia
USA-CBB,8,Perophora annectens
USA-CBB,8,Watersip
USA-CBB,8,Bcal
USA-CBB,8,ccw
USA-CBB,8,Obelia
USA-CBB,9,Distaplia
USA-CBB,9,Bner
USA-CBB,9,Obelia
USA-CBB,9,Diplo list
USA-CBB,9,Botryllus viol
USA-CBB,9,Perophora annectens
USA-CBB,10,Watersip
USA-CBB,10,Distaplia
USA-CBB,10,Bner
USA-CBB,10,sabellid
USA-CBB,10,Obelia
USA-CBB,10,Botrylloides 
USA-CBB,10,Bcal
USA-CBB,10,Balanus
USA-CBB,10,Watersip
USA-CBB,10,Ciona intestinalis
USA-CBB,11,Watersip
USA-CBB,11,Lichenopora
USA-CBB,11,Distaplia
USA-CBB,11,Bner
USA-CBB,11,Obelia
USA-CBB,11,Diplo list
USA-CBB,11,Ciona intestinalis
USA-CBB,11,Botrylloides 
USA-CBB,11,ccw
USA-CBB,12,Bner
USA-CBB,12,Distaplia
USA-CBB,12,Watersip
USA-CBB,12,Diplo list
USA-CBB,12,Bcal
USA-CBB,12,Botrylloides 
USA-CBB,12,Obelia
USA-CBB,12,Perophora annectens
USA-CBB,13,Bner
USA-CBB,13,Distaplia
USA-CBB,13,Diplo list
USA-CBB,13,Perophora annectens
USA-CBB,13,Ascidia ceretodes
USA-CBB,13,Botrylloides 
USA-CBB,13,Obelia
USA-CBB,13,sabellid
USA-CBB,13,Watersip
USA-CBB,14,Watersip
USA-CBB,14,Obelia
USA-CBB,14,sabellid
USA-CBB,14,Distaplia
USA-CBB,14,Bner
USA-CBB,14,Diplo list
USA-CBB,14,Perophora annectens
USA-CBB,14,Botrylloides 
USA-CBB,14,Bcal
USA-CBB,14,Ciona intestinalis
USA-CBB,15,Bner
USA-CBB,15,Diplo list
USA-CBB,15,Distaplia
USA-CBB,15,ccw
USA-CBB,15,Ascidia ceretodes
USA-CBB,15,Ciona intestinalis
USA-CBB,16,Distaplia
USA-CBB,16,Bner
USA-CBB,16,Diplo list
USA-CBB,16,Botrylloides 
USA-CBB,16,Ascidia ceretodes
USA-CBB,16,sabellid
USA-CBB,17,Bner
USA-CBB,17,Botrylloides 
USA-CBB,17,Distaplia
USA-CBB,17,Diplo list
USA-CBB,17,Ascidia ceretodes
USA-CBB,17,Perophora annectens
USA-CBB,17,Ciona intestinalis
USA-CBB,17,sabellid
USA-CBB,18,Bner
USA-CBB,18,bot
USA-CBB,18,Distaplia
USA-CBB,18,Ascidia ceretodes
USA-CBB,18,sabellid
USA-CBB,18,Diplo list
USA-CBB,18,Obelia
USA-HIK,1,Amathia
USA-HIK,1,Didemnum-white
USA-HIK,1,oyster-Crass
USA-HIK,1,sabellid
USA-HIK,1,bryo encrust white
USA-HIK,1,obelia
USA-HIK,1,ccw
USA-HIK,1,hydroides
USA-HIK,1,spg-black
USA-HIK,1,spg-brown
USA-HIK,1,polydora
USA-HIK,1,red recuits
USA-HIK,2,spg-brown
USA-HIK,2,oyster-Crass
USA-HIK,2,sabellid
USA-HIK,2,bryo encrust white
USA-HIK,2,spg-black
USA-HIK,2,red recuits
USA-HIK,2,hydroides
USA-HIK,2,obelia
USA-HIK,2,phallusia
USA-HIK,2,ccw
USA-HIK,4,oyster-Crass
USA-HIK,4,red recuits
USA-HIK,4,sabellid
USA-HIK,4,obelia
USA-HIK,4,bryo encrust white
USA-HIK,4,Didemnum-white
USA-HIK,4,hydroides
USA-HIK,4,spg-black
USA-HIK,5,spg-brown
USA-HIK,5,sabellid
USA-HIK,5,oyster-Crass
USA-HIK,5,obelia
USA-HIK,5,red recuits
USA-HIK,5,balanus
USA-HIK,5,bryo encrust white
USA-HIK,5,hydroides
USA-HIK,5,phallusia
USA-HIK,6,Bner
USA-HIK,6,hydroides
USA-HIK,6,oyster-Crass
USA-HIK,6,sabellid
USA-HIK,6,red recuits
USA-HIK,6,obelia
USA-HIK,6,spg-brown
USA-HIK,6,bryo arbor 01
USA-HIK,6,phallusia
USA-HIK,7,hippopodina
USA-HIK,7,spg-yellow
USA-HIK,7,phallusia
USA-HIK,7,spg-red
USA-HIK,7,bryo encrust white
USA-HIK,7,sabellid
USA-HIK,7,oyster-Crass
USA-HIK,7,Didemnum-white
USA-HIK,7,obelia
USA-HIK,7,Styela
USA-HIK,7,hydroides
USA-HIK,7,sol asc round fouled
USA-HIK,7,Clathria
USA-HIK,8,sabellid
USA-HIK,8,phallusia
USA-HIK,8,oyster-Crass
USA-HIK,8,obelia
USA-HIK,8,spg-red
USA-HIK,8,sol asc round fouled
USA-HIK,8,hydroides
USA-HIK,8,bryo encrust white
USA-HIK,8,Clathria
USA-HIK,9,bryo encrust white
USA-HIK,9,symplegma-black
USA-HIK,9,oyster-Crass
USA-HIK,9,hydroides
USA-HIK,9,obelia
USA-HIK,9,spg-red
USA-HIK,9,Clathria
USA-HIK,9,sabellid
USA-HIK,9,spg-brown
USA-HIK,9,spg-orange
USA-HIK,10,bryo encrust white
USA-HIK,10,oyster-Crass
USA-HIK,10,spg-orange
USA-HIK,10,obelia
USA-HIK,10,sabellid
USA-HIK,10,hydroides
USA-HIK,11,oyster-Crass
USA-HIK,11,spg-orange
USA-HIK,11,sabellid
USA-HIK,11,bryo encrust white
USA-HIK,11,hydroides
USA-HIK,11,red recuits
USA-HIK,11,sol asc round fouled
USA-HIK,11,ccw
USA-HIK,12,oyster-Crass
USA-HIK,12,bryo encrust white
USA-HIK,12,balanus
USA-HIK,12,obelia
USA-HIK,12,sabellid
USA-HIK,12,sol asc round fouled
USA-HIK,12,hydroides
USA-HIK,12,symplegma-black
USA-HIK,12,phallusia
USA-HIK,12,spg-red
USA-HIK,12,spg-orange
USA-HIK,13,bryo encrust white
USA-HIK,13,oyster-Crass
USA-HIK,13,symplegma-black
USA-HIK,13,obelia
USA-HIK,13,sabellid
USA-HIK,13,ccw
USA-HIK,13,hydroides
USA-HIK,13,spg-red
USA-HIK,13,spg-orange
USA-HIK,14,oyster-Crass
USA-HIK,14,sabellid
USA-HIK,14,obelia
USA-HIK,14,Victorella
USA-HIK,14,bryo encrust white
USA-HIK,14,spg-red
USA-HIK,14,phallusia
USA-HIK,14,spg-orange
USA-HIK,14,spg-black
USA-HIK,14,polydora
USA-HIK,15,symplegma-black
USA-HIK,15,oyster-Crass
USA-HIK,15,spg-orange
USA-HIK,15,bryo encrust white
USA-HIK,15,obelia
USA-HIK,15,sabellid
USA-HIK,15,sol asc round fouled
USA-HIK,15,polydora
USA-HIK,15,phallusia
USA-HIK,15,hydroides
USA-HIK,16,spg-orange
USA-HIK,16,oyster-Crass
USA-HIK,16,hydroides
USA-HIK,16,obelia
USA-HIK,16,polydora
USA-HIK,16,bryo encrust white
USA-HIK,16,red recuits
USA-HIK,16,sabellid
USA-HIK,16,spg-black
USA-HIK,16,ccw
USA-HIK,16,hippopodina
USA-HIK,17,oyster-Crass
USA-HIK,17,sabellid
USA-HIK,17,spg-orange
USA-HIK,17,sol asc round fouled
USA-HIK,17,obelia
USA-HIK,17,hydroides
USA-HIK,17,ccw
USA-HIK,17,polydora
USA-HIK,17,bryo encrust white
USA-HIK,17,symplegma-black
USA-HIK,17,spg-black
USA-HIK,17,Styela
USA-HIK,17,bryo arbor 01
USA-HIK,18,oyster-Crass
USA-HIK,18,bryo encrust white
USA-HIK,18,hydroides
USA-HIK,18,sabellid
USA-HIK,18,spg-black
USA-HIK,18,obelia
USA-HIK,18,red recuits
USA-HIK,18,col asc - black
USA-HIK,18,polydora
USA-HIK,18,spg-brown
USA-HIK,18,symplegma-black
USA-IRL,1,Schizo pungens
USA-IRL,1,Did 01 - white-clear
USA-IRL,1,a ebur
USA-IRL,1,b ner
USA-IRL,1,bot nigrum
USA-IRL,1,hippopodina
USA-IRL,1,diplo list
USA-IRL,1,Did 02 - pure white
USA-IRL,1,sabellid
USA-IRL,1,bot orange
USA-IRL,1,sym brank
USA-IRL,1,did ps
USA-IRL,1,obelia
USA-IRL,1,crado berth
USA-IRL,1,hippoporina
USA-IRL,1,hydroides
USA-IRL,1,a ret
USA-IRL,1,ascidia curvata
USA-IRL,1,watersip
USA-IRL,2,phallusia
USA-IRL,2,b ner
USA-IRL,2,Did 01 - white-clear
USA-IRL,2,Did 02 - pure white
USA-IRL,2,polyclinum
USA-IRL,2,did ps
USA-IRL,2,sabellid
USA-IRL,2,a ebur
USA-IRL,2,a ret
USA-IRL,2,Schizo pungens
USA-IRL,2,obelia
USA-IRL,2,sav
USA-IRL,2,bot nigrum
USA-IRL,2,hydroides
USA-IRL,2,sym brank
USA-IRL,2,sym rubra
USA-IRL,2,clav oblonga
USA-IRL,2,bot orange
USA-IRL,3,Did 01 - white-clear
USA-IRL,3,sym brank
USA-IRL,3,bot orange
USA-IRL,3,sym brank
USA-IRL,3,a ebur
USA-IRL,3,a ret
USA-IRL,3,sav
USA-IRL,3,crado berth
USA-IRL,3,hippoporina
USA-IRL,3,hydroides
USA-IRL,3,mycale
USA-IRL,3,bot nigrum
USA-IRL,3,Did 02 - pure white
USA-IRL,3,ascidia curvata
USA-IRL,3,perophora
USA-IRL,3,did ps
USA-IRL,3,polyclinum
USA-IRL,3,Schizo pungens
USA-IRL,4,a ebur
USA-IRL,4,a ret
USA-IRL,4,amp tubes
USA-IRL,4,b ner
USA-IRL,4,bot nigrum
USA-IRL,4,bot orange
USA-IRL,4,crado berth
USA-IRL,4,Did 01 - white-clear
USA-IRL,4,Did 02 - pure white
USA-IRL,4,did ps
USA-IRL,4,diplo list
USA-IRL,4,diplo sponge
USA-IRL,4,hydroides
USA-IRL,4,obelia
USA-IRL,4,perophora
USA-IRL,4,polyclinum
USA-IRL,4,sabellid
USA-IRL,4,sav
USA-IRL,4,Schizo pungens
USA-IRL,4,spg-yellow
USA-IRL,4,sym brank
USA-IRL,4,hippoporina
USA-IRL,4,phallusia
USA-IRL,5,a ebur
USA-IRL,5,a ret
USA-IRL,5,b ner
USA-IRL,5,bot nigrum
USA-IRL,5,bot orange
USA-IRL,5,clav oblonga
USA-IRL,5,crado berth
USA-IRL,5,Did 01 - white-clear
USA-IRL,5,Did 02 - pure white
USA-IRL,5,diplo list
USA-IRL,5,hippopodina
USA-IRL,5,hippoporina
USA-IRL,5,obelia
USA-IRL,5,perophora
USA-IRL,5,polyclinum
USA-IRL,5,sabellid
USA-IRL,5,sav
USA-IRL,5,Schizo pungens
USA-IRL,5,spg-yellow
USA-IRL,5,sym brank
USA-IRL,5,distaplia
USA-IRL,6,a ebur
USA-IRL,6,a ret
USA-IRL,6,amp tubes
USA-IRL,6,b ner
USA-IRL,6,bot nigrum
USA-IRL,6,bot orange
USA-IRL,6,crado berth
USA-IRL,6,Did 01 - white-clear
USA-IRL,6,Did 02 - pure white
USA-IRL,6,did ps
USA-IRL,6,diplo list
USA-IRL,6,hippopodina
USA-IRL,6,obelia
USA-IRL,6,phallusia
USA-IRL,6,polyclinum
USA-IRL,6,sabellid
USA-IRL,6,sav
USA-IRL,6,Schizo pungens
USA-IRL,6,sym brank
USA-IRL,6,sym rubra
USA-IRL,7,a ebur
USA-IRL,7,a ret
USA-IRL,7,amp tubes
USA-IRL,7,asc syn
USA-IRL,7,b ner
USA-IRL,7,bot orange
USA-IRL,7,clav oblonga
USA-IRL,7,crado berth
USA-IRL,7,Did 01 - white-clear
USA-IRL,7,Did 02 - pure white
USA-IRL,7,eudendrium
USA-IRL,7,obelia
USA-IRL,7,perophora
USA-IRL,7,sabellid
USA-IRL,7,sav
USA-IRL,7,Schizo pungens
USA-IRL,7,sym rubra
USA-IRL,7,sym rubra
USA-IRL,7,bot nigrum
USA-IRL,8,Did 02 - pure white
USA-IRL,8,b ner
USA-IRL,8,sabellid
USA-IRL,8,sav
USA-IRL,8,clav oblonga
USA-IRL,8,obelia
USA-IRL,8,bot nigrum
USA-IRL,8,asc syn
USA-IRL,8,phallusia
USA-IRL,8,polyclinum
USA-IRL,8,crado berth
USA-IRL,8,bot orange
USA-IRL,8,bot nigrum
USA-IRL,8,Did 01 - white-clear
USA-IRL,8,a ebur
USA-IRL,8,distaplia
USA-IRL,9,a ebur
USA-IRL,9,a ret
USA-IRL,9,amathia
USA-IRL,9,amp tubes
USA-IRL,9,b ner
USA-IRL,9,bot nigrum
USA-IRL,9,bot orange
USA-IRL,9,clav oblonga
USA-IRL,9,crado berth
USA-IRL,9,Did 01 - white-clear
USA-IRL,9,Did 02 - pure white
USA-IRL,9,eudendrium
USA-IRL,9,perophora
USA-IRL,9,sabellid
USA-IRL,9,sav
USA-IRL,9,diplo list
USA-IRL,9,Schizo pungens
USA-IRL,10,a ebur
USA-IRL,10,amp tubes
USA-IRL,10,bot nigrum
USA-IRL,10,crado berth
USA-IRL,10,Did 01 - white-clear
USA-IRL,10,Did 02 - pure white
USA-IRL,10,eudendrium
USA-IRL,10,hippopodina
USA-IRL,10,noella
USA-IRL,10,obelia
USA-IRL,10,perophora
USA-IRL,10,polyclinum
USA-IRL,10,sabellid
USA-IRL,10,sav
USA-IRL,10,spg-red
USA-IRL,10,sym brank
USA-IRL,10,did ps
USA-IRL,11,a ebur
USA-IRL,11,a ret
USA-IRL,11,amp tubes
USA-IRL,11,b ner
USA-IRL,11,bot nigrum
USA-IRL,11,crado berth
USA-IRL,11,Did 01 - white-clear
USA-IRL,11,Did 02 - pure white
USA-IRL,11,hippopodina
USA-IRL,11,hydroides
USA-IRL,11,noella
USA-IRL,11,obelia
USA-IRL,11,sabellid
USA-IRL,11,sav
USA-IRL,11,sym rubra
USA-IRL,12,a ebur
USA-IRL,12,a ret
USA-IRL,12,amathia
USA-IRL,12,amp tubes
USA-IRL,12,b ner
USA-IRL,12,bot nigrum
USA-IRL,12,crado berth
USA-IRL,12,crado berth
USA-IRL,12,Did 01 - white-clear
USA-IRL,12,Did 02 - pure white
USA-IRL,12,distaplia
USA-IRL,12,eudendrium
USA-IRL,12,polyclinum
USA-IRL,12,sabellid
USA-IRL,12,sav
USA-IRL,12,Schizo pungens
USA-IRL,12,obelia
USA-IRL,13,amp tubes
USA-IRL,13,b ner
USA-IRL,13,bot nigrum
USA-IRL,13,ccw
USA-IRL,13,bot orange
USA-IRL,13,crado berth
USA-IRL,13,Did 01 - white-clear
USA-IRL,13,Did 02 - pure white
USA-IRL,13,did ps
USA-IRL,13,obelia
USA-IRL,13,phallusia
USA-IRL,13,polyclinum
USA-IRL,13,sabellid
USA-IRL,13,sav
USA-IRL,13,sym brank
USA-IRL,13,a ebur
USA-IRL,13,asc syn
USA-IRL,14,a ebur
USA-IRL,14,a ret
USA-IRL,14,b ner
USA-IRL,14,bot nigrum
USA-IRL,14,obelia
USA-IRL,14,bot orange
USA-IRL,14,crado berth
USA-IRL,14,Did 02 - pure white
USA-IRL,14,hydroides
USA-IRL,14,mycale
USA-IRL,14,phallusia
USA-IRL,14,sabellid
USA-IRL,14,sav
USA-IRL,14,Schizo pungens
USA-IRL,14,Did 01 - white-clear
USA-IRL,14,noella
USA-IRL,15,obelia
USA-IRL,15,crado berth
USA-IRL,15,sym rubra
USA-IRL,15,Schizo pungens
USA-IRL,15,Did 01 - white-clear
USA-IRL,15,sabellid
USA-IRL,15,eudendrium
USA-IRL,15,a ebur
USA-IRL,15,amathia
USA-IRL,15,a ret
USA-IRL,15,perophora
USA-IRL,15,spg-dendtritic
USA-IRL,15,sym brank
USA-IRL,15,Did 02 - pure white
USA-IRL,15,distaplia
USA-IRL,15,bot nigrum
USA-IRL,16,sabellid
USA-IRL,16,a ebur
USA-IRL,16,crado berth
USA-IRL,16,Did 02 - pure white
USA-IRL,16,amp tubes
USA-IRL,16,eudendrium
USA-IRL,16,bot nigrum
USA-IRL,16,a ret
USA-IRL,16,hydroides
USA-IRL,16,noella
USA-IRL,16,phallusia
USA-IRL,16,hippoporina
USA-IRL,16,obelia
USA-IRL,17,a ebur
USA-IRL,17,a ret
USA-IRL,17,bot nigrum
USA-IRL,17,bot orange
USA-IRL,17,crado berth
USA-IRL,17,Did 02 - pure white
USA-IRL,17,microcosmus
USA-IRL,17,obelia
USA-IRL,17,oyster
USA-IRL,17,perophora
USA-IRL,17,sabellid
USA-IRL,17,spg-dendtritic
USA-IRL,17,diplo list
USA-IRL,17,spg-red
USA-IRL,17,phallusia
USA-IRL,17,distaplia
USA-IRL,17,did ps
USA-IRL,17,sym brank
USA-IRL,18,Did 02 - pure white
USA-IRL,18,sabellid
USA-IRL,18,a ret
USA-IRL,18,a ebur
USA-IRL,18,Schizo pungens
USA-IRL,18,bot nigrum
USA-IRL,18,hydroides
USA-IRL,18,phallusia
USA-IRL,18,amathia
USA-IRL,18,amp tubes
USA-IRL,18,sym brank
USA-IRL,18,sym rubra
USA-IRL,18,celleporaria
USA-IRL,18,oyster
USA-IRL,18,diplo sponge
USA-IRL,18,ascidia curvata
USA-LIS,1,Hydroides
USA-LIS,1,ebryo01
USA-LIS,1,Victorella
USA-LIS,1,Balanus
USA-LIS,2,Balanus
USA-LIS,2,ebryo01
USA-LIS,2,botryllus sch
USA-LIS,2,Hydroides
USA-LIS,3,obelia
USA-LIS,3,Victorella
USA-LIS,4,ebryo01
USA-LIS,4,Balanus
USA-LIS,4,Hydroides
USA-LIS,4,Victorella
USA-LIS,4,amp tubes
USA-LIS,4,botryllus sch
USA-LIS,5,botryllus sch
USA-LIS,5,Bugula stolon
USA-LIS,5,Balanus
USA-LIS,5,Victorella
USA-LIS,5,Hydroides
USA-LIS,6,Victorella
USA-LIS,6,Bugula stolon
USA-LIS,6,Hydroides
USA-LIS,6,ebryo01
USA-LIS,7,Balanus
USA-LIS,7,Victorella
USA-LIS,7,Hydroides
USA-LIS,7,anemone
USA-LIS,7,Bugula stolon
USA-LIS,7,ebryo01
USA-LIS,8,anemone
USA-LIS,8,Victorella
USA-LIS,8,ebryo01
USA-LIS,8,Balanus
USA-LIS,8,Hydroides
USA-LIS,9,molgula
USA-LIS,9,Balanus
USA-LIS,9,Victorella
USA-LIS,9,anemone
USA-LIS,9,ebryo01
USA-LIS,10,Balanus
USA-LIS,10,Hydroides
USA-LIS,10,Victorella
USA-LIS,10,obelia
USA-LIS,10,ebryo01
USA-LIS,10,amp tubes
USA-LIS,10,ccw
USA-LIS,11,ccw
USA-LIS,11,Hydroides
USA-LIS,11,Balanus
USA-LIS,11,Victorella
USA-LIS,11,ebryo01
USA-LIS,12,ebryo01
USA-LIS,12,Balanus
USA-LIS,12,Victorella
USA-LIS,12,polydora
USA-LIS,12,ccw
USA-LIS,13,Balanus
USA-LIS,13,Bugula stolon
USA-LIS,13,Victorella
USA-LIS,13,ebryo01
USA-LIS,13,anemone
USA-LIS,14,Crepidula
USA-LIS,14,anemone
USA-LIS,14,Balanus
USA-LIS,14,Hydroides
USA-LIS,14,Victorella
USA-LIS,14,ebryo01
USA-LIS,14,polydora
USA-LIS,15,anemone
USA-LIS,15,Bugula stolon
USA-LIS,15,Victorella
USA-LIS,15,ebryo01
USA-LIS,15,polydora
USA-LIS,15,ccw
USA-LIS,15,obelia
USA-LIS,16,Balanus
USA-LIS,16,Bugula stolon
USA-LIS,16,obelia
USA-LIS,16,ebryo01
USA-LIS,16,Victorella
USA-LIS,17,Balanus
USA-LIS,17,ebryo01
USA-LIS,17,obelia
USA-LIS,17,Hydroides
USA-LIS,17,Bugula stolon
USA-LIS,17,Victorella
USA-LIS,18,anemone
USA-LIS,18,Balanus
USA-LIS,18,Hydroides
USA-LIS,18,obelia
USA-LIS,18,Victorella
USA-LIS,18,polydora
USA-LIS,18,ebryo01
USA-MDA,1,Victorella
USA-MDA,1,Polydora
USA-MDA,2,Victorella
USA-MDA,2,Polydora
USA-MDA,3,Victorella
USA-MDA,3,Polydora
USA-MDA,4,Victorella
USA-MDA,4,Polydora
USA-MDA,5,Victorella
USA-MDA,5,Polydora
USA-MDA,6,Victorella
USA-MDA,6,Polydora
USA-MDA,7,Victorella
USA-MDA,7,Polydora
USA-MDA,8,Victorella
USA-MDA,8,Polydora
USA-MDA,9,Victorella
USA-MDA,9,Polydora
USA-MDA,10,Victorella
USA-MDA,10,Polydora
USA-MDA,11,Victorella
USA-MDA,11,Polydora
USA-MDA,12,Victorella
USA-MDA,12,Polydora
USA-MDA,13,Victorella
USA-MDA,13,Polydora
USA-MDA,13,Balanus
USA-MDA,14,Victorella
USA-MDA,14,Polydora
USA-MDA,15,Victorella
USA-MDA,15,Polydora
USA-MDA,16,Victorella
USA-MDA,16,Polydora
USA-MDA,17,Victorella
USA-MDA,17,Polydora
USA-MDA,18,Victorella
USA-MDA,18,Polydora
USA-MWH,1,bner
USA-MWH,1,bstolon
USA-MWH,1,bturrita
USA-MWH,1,hydroides
USA-MWH,1,Ciona
USA-MWH,1,Balanus
USA-MWH,2,bner
USA-MWH,2,bturrita
USA-MWH,2,bstolon
USA-MWH,2,hydroides
USA-MWH,2,Ciona
USA-MWH,2,botrylloides
USA-MWH,2,Balanus
USA-MWH,2,diplo
USA-MWH,2,Didemnum
USA-MWH,2,cw
USA-MWH,3,bner
USA-MWH,3,bstolon
USA-MWH,3,bturrita
USA-MWH,3,hydroides
USA-MWH,3,Ciona
USA-MWH,3,Balanus
USA-MWH,3,botrylloides
USA-MWH,3,cw
USA-MWH,3,diplo
USA-MWH,4,botrylloides
USA-MWH,4,bner
USA-MWH,4,bstolon
USA-MWH,4,bturrita
USA-MWH,4,Balanus
USA-MWH,4,crepidula
USA-MWH,4,hydroides
USA-MWH,4,ciona
USA-MWH,4,Didemnum
USA-MWH,5,hydroides
USA-MWH,5,bner
USA-MWH,5,bstolon
USA-MWH,5,bturrita
USA-MWH,5,diplo
USA-MWH,5,botrylloides
USA-MWH,5,Ciona
USA-MWH,5,Balanus
USA-MWH,5,crepidula
USA-MWH,6,bner
USA-MWH,6,bturrita
USA-MWH,6,bstolon
USA-MWH,6,Ciona
USA-MWH,6,diplo
USA-MWH,6,cw
USA-MWH,6,hydroides
USA-MWH,6,botrylloides
USA-MWH,7,bstolon
USA-MWH,7,bner
USA-MWH,7,bturrita
USA-MWH,7,Didemnum
USA-MWH,7,Balanus
USA-MWH,7,hydroides
USA-MWH,7,botrylloides
USA-MWH,7,cw
USA-MWH,8,bstolon
USA-MWH,8,bturrita
USA-MWH,8,bner
USA-MWH,8,Balanus
USA-MWH,8,botrylloides
USA-MWH,8,Ciona
USA-MWH,8,hydroides
USA-MWH,8,cw
USA-MWH,8,amp tubes
USA-MWH,9,bturrita
USA-MWH,9,bner
USA-MWH,9,bstolon
USA-MWH,9,Balanus
USA-MWH,9,botrylloides
USA-MWH,9,hydroides
USA-MWH,9,Didemnum
USA-MWH,9,botryllus
USA-MWH,9,cw
USA-MWH,9,spg-yellowish
USA-MWH,10,bner
USA-MWH,10,bturrita
USA-MWH,10,bstolon
USA-MWH,10,hydroides
USA-MWH,10,Balanus
USA-MWH,10,botrylloides
USA-MWH,10,amp tubes
USA-MWH,10,cw
USA-MWH,10,Didemnum
USA-MWH,11,bner
USA-MWH,11,bturrita
USA-MWH,11,bstolon
USA-MWH,11,Balanus
USA-MWH,11,botrylloides
USA-MWH,11,hydroides
USA-MWH,11,amp tubes
USA-MWH,11,spg-yellowish
USA-MWH,11,diplo
USA-MWH,11,cw
USA-MWH,12,bner
USA-MWH,12,bstolon
USA-MWH,12,bturrita
USA-MWH,12,Balanus
USA-MWH,12,hydroides
USA-MWH,12,Didemnum
USA-MWH,12,botrylloides
USA-MWH,12,spg-yellowish
USA-MWH,12,diplo
USA-MWH,12,ebryo01
USA-MWH,13,Cryptosula
USA-MWH,13,spg-yellowish
USA-MWH,13,bstolon
USA-MWH,13,botryllus
USA-MWH,13,hydroides
USA-MWH,13,Didemnum
USA-MWH,13,Balanus
USA-MWH,13,botrylloides
USA-MWH,13,bner
USA-MWH,13,bturrita
USA-MWH,13,styela
USA-MWH,14,botrylloides
USA-MWH,14,Balanus
USA-MWH,14,Cryptosula
USA-MWH,14,Didemnum
USA-MWH,14,bstolon
USA-MWH,14,bner
USA-MWH,14,amp tubes
USA-MWH,14,hydroides
USA-MWH,14,spg-yellowish
USA-MWH,14,molgula
USA-MWH,14,diplo
USA-MWH,14,ebryo01
USA-MWH,15,Balanus
USA-MWH,15,bstolon
USA-MWH,15,bturrita
USA-MWH,15,spg-yellowish
USA-MWH,15,bner
USA-MWH,15,botryllus
USA-MWH,15,botrylloides
USA-MWH,15,hydroides
USA-MWH,15,Cryptosula
USA-MWH,15,Didemnum
USA-MWH,15,styela
USA-MWH,15,diplo
USA-MWH,16,bturrita
USA-MWH,16,bstolon
USA-MWH,16,bner
USA-MWH,16,hydroides
USA-MWH,16,Balanus
USA-MWH,16,ebryo01
USA-MWH,16,Didemnum
USA-MWH,16,obelia
USA-MWH,16,spg-yellowish
USA-MWH,16,botrylloides
USA-MWH,16,Cryptosula
USA-MWH,16,diplo
USA-MWH,16,amp tubes
USA-MWH,16,cw
USA-MWH,17,Balanus
USA-MWH,17,hydroides
USA-MWH,17,Cryptosula
USA-MWH,17,Ciona
USA-MWH,17,bner
USA-MWH,17,bstolon
USA-MWH,17,bturrita
USA-MWH,17,diplo
USA-MWH,17,botrylloides
USA-MWH,17,Didemnum
USA-MWH,17,spg-yellowish
USA-MWH,17,botryllus
USA-MWH,18,hydroides
USA-MWH,18,Balanus
USA-MWH,18,bner
USA-MWH,18,bstolon
USA-MWH,18,bturrita
USA-MWH,18,Cryptosula
USA-MWH,18,botrylloides
USA-MWH,18,spg-yellowish
USA-MWH,18,cw
USA-MWH,18,spg-purple
USA-MWH,18,amp tubes
USA-MWH,18,Didemnum
